Symbol Name,Type,Scope
maecenas652,function-integer,private
leo174,function-boolean,public
justo612,double,public
diam554,integer,friend
velit480,function-boolean,friend
eget132,function-integer,public
mi193,function-double,protected
primis320,function-boolean,protected
nunc773,class,friend
pretium964,function-double,public
dolor929,function-integer,protected
odio365,boolean,private
mauris658,boolean,friend
id334,function-integer,friend
metus117,boolean,protected
posuere885,integer,public
ut317,function-double,private
ipsum884,function-double,protected
volutpat556,integer,public
pede226,double,protected
sagittis547,integer,protected
sed966,integer,public
cursus241,integer,protected
congue716,integer,private
dictumst155,function-double,protected
molestie846,integer,private
vel239,class,private
elementum138,integer,friend
eget739,boolean,private
ultrices646,function-integer,public
et586,boolean,private
nonummy731,function-boolean,protected
etiam264,integer,public
quam417,function-integer,private
vestibulum188,integer,private
aliquam337,double,friend
blandit379,class,public
sodales244,function-integer,public
nisl833,integer,public
libero409,integer,protected
justo378,sub,friend
consequat897,boolean,friend
odio304,boolean,protected
natoque775,function-integer,protected
porttitor324,function-double,public
quisque480,integer,private
eu689,integer,friend
dolor738,function-double,friend
velit740,double,protected
rutrum466,sub,friend
donec693,boolean,private
erat692,double,protected
sit943,function-boolean,friend
volutpat460,class,private
eget826,class,protected
donec452,function-integer,public
molestie400,boolean,protected
non133,boolean,protected
integer887,function-boolean,public
sapien975,function-boolean,private
augue203,function-double,protected
at974,double,private
in441,integer,public
sapien122,function-double,public
rutrum748,double,private
id286,sub,protected
eu276,function-boolean,private
aliquam522,function-boolean,public
rhoncus383,class,protected
eu770,double,friend
rutrum431,class,public
orci823,sub,private
at847,class,friend
amet380,integer,private
eleifend137,class,friend
curabitur865,function-integer,protected
ridiculus290,function-double,friend
porta978,double,friend
vel928,function-integer,private
convallis718,function-double,protected
at676,function-integer,protected
curae114,function-integer,protected
diam930,function-boolean,public
eleifend628,function-boolean,protected
amet892,function-boolean,private
sed842,sub,protected
diam780,function-boolean,protected
et585,sub,friend
consectetuer305,boolean,public
sociis109,function-boolean,public
lectus830,function-boolean,public
dui232,double,friend
mi907,boolean,public
mi884,function-integer,friend
nisi805,boolean,friend
faucibus304,class,public
ipsum421,function-boolean,friend
vulputate860,sub,private
sem736,function-boolean,protected
rutrum942,boolean,private
nulla367,function-double,friend
dapibus791,boolean,private
molestie941,function-double,friend
id825,sub,public
pretium516,boolean,public
pellentesque148,boolean,public
risus432,boolean,protected
a178,function-boolean,friend
morbi920,boolean,friend
erat369,double,friend
vivamus374,class,public
curae916,function-boolean,public
ut976,class,public
proin853,double,private
mattis679,integer,private
augue792,boolean,friend
quis719,boolean,protected
dapibus552,function-integer,private
donec732,class,private
ac522,function-integer,friend
nec566,class,protected
justo551,boolean,public
suspendisse524,function-boolean,private
cum140,function-boolean,public
suscipit767,double,public
rutrum267,function-double,public
bibendum233,sub,friend
amet883,class,protected
suspendisse941,integer,private
vulputate486,function-integer,public
mauris429,boolean,protected
id773,integer,friend
eget241,function-integer,private
ut945,function-boolean,public
purus413,class,public
nisl162,function-integer,protected
magna391,double,friend
sapien224,function-integer,protected
odio600,function-integer,protected
luctus456,integer,friend
mauris948,integer,private
massa719,class,friend
sit777,integer,protected
faucibus968,integer,public
nam152,sub,public
enim490,function-integer,public
quis823,function-double,protected
nisi802,integer,friend
massa275,sub,protected
non271,function-integer,friend
sed121,integer,private
mattis704,integer,public
nec858,double,protected
in487,boolean,private
vel949,double,public
vestibulum664,double,friend
odio926,sub,protected
mollis888,class,public
dui966,sub,private
eros295,function-boolean,protected
dis786,sub,protected
congue339,function-double,protected
suscipit788,double,protected
semper229,boolean,friend
quam163,function-integer,private
vulputate282,boolean,friend
cras244,double,friend
justo447,integer,private
odio537,function-boolean,protected
eget410,integer,public
duis222,function-double,friend
potenti882,class,protected
nisl294,boolean,protected
eu166,integer,private
magnis823,double,friend
pede630,integer,public
posuere296,double,private
congue760,function-boolean,private
lacus571,integer,private
in367,class,private
eu706,class,friend
turpis809,integer,private
non791,function-double,friend
sed959,function-double,friend
viverra709,double,protected
augue600,integer,friend
cras110,sub,private
integer763,integer,friend
orci207,sub,private
risus791,double,public
lorem889,function-boolean,public
nulla491,class,friend
mattis537,integer,protected
sem957,boolean,friend
enim202,class,protected
dolor308,function-integer,public
nibh165,class,friend
pede787,function-double,protected
metus422,boolean,friend
sit420,function-double,protected
potenti165,sub,public
morbi364,function-boolean,protected
vitae777,integer,friend
augue338,integer,protected
felis208,class,protected
tristique415,double,friend
vivamus418,class,friend
curabitur667,boolean,public
aliquam248,function-boolean,private
nulla647,function-integer,private
sollicitudin558,double,protected
nisl251,function-integer,public
elementum289,boolean,protected
vel262,function-boolean,public
interdum156,function-double,protected
sed560,boolean,public
ac721,boolean,protected
non469,function-double,private
donec141,sub,public
vel774,double,protected
neque703,class,private
vel660,function-boolean,private
lacus661,function-double,public
vel821,integer,protected
congue769,boolean,protected
vel568,function-double,protected
nisi395,function-integer,protected
sed355,function-double,private
vel258,function-double,private
dolor153,integer,protected
donec629,function-boolean,public
maecenas368,function-double,public
suspendisse466,integer,private
sapien908,double,public
non323,class,private
amet423,class,public
amet906,boolean,protected
natoque511,integer,private
est409,double,public
libero688,sub,private
sit979,function-double,protected
tellus451,double,protected
interdum247,integer,friend
ligula454,double,protected
duis388,function-double,friend
sit454,class,private
ut292,function-double,friend
molestie601,function-double,private
ultrices453,double,private
nibh207,integer,protected
nonummy849,class,protected
ut831,function-integer,public
vivamus308,integer,public
semper876,class,public
maecenas588,function-double,private
erat850,boolean,protected
tincidunt535,function-boolean,public
erat364,sub,public
faucibus176,sub,private
aliquam333,class,protected
cras487,sub,public
cras483,function-boolean,friend
posuere333,function-double,protected
et735,double,protected
ligula576,function-boolean,private
sapien756,function-double,protected
mattis323,double,friend
platea367,sub,private
aliquam574,class,private
convallis337,integer,friend
justo646,function-double,public
tincidunt514,double,friend
morbi258,boolean,private
pellentesque849,function-double,protected
at504,integer,protected
vestibulum150,class,private
ullamcorper644,function-boolean,protected
in852,function-double,protected
id531,sub,friend
diam559,boolean,private
molestie288,class,private
donec220,double,protected
erat804,function-boolean,private
platea534,boolean,public
habitasse576,function-double,friend
adipiscing779,function-integer,protected
gravida754,function-boolean,private
cum452,sub,protected
nisi555,double,public
sit814,sub,private
aliquam777,integer,private
vitae650,class,public
adipiscing995,double,friend
vestibulum334,function-double,public
donec114,double,friend
tortor431,boolean,friend
in350,integer,protected
in365,class,protected
proin973,class,private
congue632,boolean,private
non840,integer,public
magna653,double,private
non443,function-double,protected
non538,function-boolean,public
volutpat619,function-integer,protected
eu863,class,friend
fermentum525,function-double,private
maecenas976,double,friend
sed421,boolean,public
curae714,function-boolean,friend
auctor718,class,protected
tempor817,function-integer,protected
convallis867,sub,protected
nulla699,function-integer,protected
in579,sub,friend
posuere459,class,friend
ac141,sub,protected
ut896,function-double,private
proin245,sub,private
platea798,function-integer,protected
phasellus109,function-double,public
lacinia371,function-boolean,friend
lacinia935,function-integer,protected
ut275,function-double,public
orci384,function-double,friend
nam624,double,friend
quisque944,function-integer,public
est236,function-double,private
consectetuer850,function-double,private
integer193,double,protected
erat810,sub,private
rutrum362,class,public
nec386,sub,friend
habitasse924,function-double,protected
vestibulum915,double,protected
vel476,integer,private
varius781,function-boolean,private
nulla788,boolean,protected
in948,integer,public
magna609,boolean,protected
ante968,function-integer,public
aenean490,double,protected
lacinia442,function-double,private
magna906,sub,private
luctus699,function-boolean,protected
aliquam545,sub,private
at940,function-double,protected
vel318,boolean,protected
pulvinar642,integer,public
aliquet860,integer,public
dignissim639,integer,private
lacinia764,integer,friend
tortor205,double,private
etiam411,function-boolean,protected
sem182,integer,private
mauris497,class,private
nisi916,boolean,protected
maecenas618,function-integer,protected
cras306,sub,friend
ut969,function-boolean,public
in136,function-double,protected
vestibulum539,double,protected
placerat972,function-double,private
lorem105,function-boolean,protected
quam121,integer,private
mauris149,function-double,public
magnis114,integer,protected
nulla836,function-double,public
tincidunt208,boolean,protected
eu419,function-boolean,protected
consequat691,integer,public
ullamcorper549,class,private
ipsum147,class,friend
in480,function-double,protected
tellus561,function-boolean,protected
cubilia607,integer,protected
sit662,sub,friend
quam593,boolean,friend
porttitor503,integer,public
auctor836,sub,friend
ipsum731,function-boolean,friend
posuere768,integer,private
leo953,boolean,private
posuere660,integer,friend
eu930,function-boolean,protected
porttitor302,function-double,private
turpis868,boolean,protected
semper730,function-double,friend
metus786,class,private
egestas486,double,public
aliquet960,function-boolean,public
sodales741,function-integer,public
nunc798,function-integer,protected
faucibus780,function-double,public
ac566,function-integer,private
est370,function-double,friend
odio808,double,protected
odio682,function-integer,private
ipsum673,function-double,friend
leo256,function-boolean,protected
neque114,boolean,public
posuere954,function-double,protected
eu189,double,protected
dui659,function-integer,protected
ridiculus377,boolean,protected
massa409,function-boolean,protected
ligula323,boolean,public
eget423,double,friend
ridiculus908,function-integer,private
arcu357,sub,public
velit603,class,protected
quis611,function-boolean,protected
eu604,double,protected
adipiscing680,function-double,private
eget970,function-boolean,friend
pede208,class,private
justo877,function-boolean,friend
donec726,double,protected
non492,double,friend
ipsum190,sub,protected
mollis195,sub,protected
nulla719,sub,friend
aliquet293,function-integer,friend
lacus474,integer,public
in511,sub,protected
suscipit459,function-integer,protected
ligula869,function-boolean,public
consequat585,double,friend
velit628,integer,protected
vestibulum779,function-integer,friend
justo404,function-boolean,friend
condimentum544,integer,private
amet908,boolean,protected
morbi711,function-integer,private
justo389,function-double,friend
ultrices379,function-integer,protected
amet611,function-double,public
sed928,function-integer,private
ac784,sub,friend
fusce326,function-boolean,protected
cubilia399,double,public
magna380,function-boolean,friend
turpis379,double,private
sollicitudin181,integer,protected
quis876,function-integer,private
fringilla757,boolean,protected
vel365,integer,protected
cubilia636,function-double,friend
dui229,double,private
congue494,class,protected
ut725,class,private
dapibus747,function-double,friend
erat971,function-integer,public
neque719,function-double,protected
in586,integer,friend
ultrices624,class,friend
dui937,function-integer,protected
libero524,function-integer,friend
cras887,boolean,public
semper187,function-boolean,friend
ipsum381,function-double,public
lectus969,class,private
purus283,function-integer,protected
lacus376,function-double,friend
ut297,sub,protected
mi528,integer,private
augue610,integer,protected
pellentesque162,class,protected
lacus235,sub,private
quam312,boolean,protected
vulputate578,double,friend
venenatis275,boolean,protected
lorem742,double,public
congue147,function-boolean,public
et432,sub,protected
pede437,double,private
in278,function-double,friend
faucibus143,function-boolean,public
sed392,class,private
quisque948,sub,private
vehicula862,class,private
ipsum700,boolean,public
curabitur718,function-integer,public
urna506,function-double,friend
placerat576,class,friend
quis809,boolean,friend
parturient154,sub,public
etiam788,sub,friend
curae914,function-integer,protected
cubilia325,function-integer,protected
tortor797,function-integer,private
vitae424,function-boolean,public
cursus808,function-boolean,public
euismod792,function-integer,private
tincidunt477,function-integer,public
et272,function-integer,private
in901,integer,public
nulla458,sub,public
ipsum733,function-double,friend
est493,function-double,protected
eleifend268,sub,private
pulvinar879,function-double,public
donec921,function-integer,private
nec858,function-integer,private
in713,class,public
pede134,function-double,public
maecenas133,sub,protected
phasellus683,function-integer,private
vulputate967,double,private
amet131,double,private
nibh454,function-boolean,public
in628,sub,private
non970,function-double,private
quis716,class,private
diam706,function-integer,friend
cubilia871,boolean,private
vel433,integer,friend
elementum234,double,private
tempor149,boolean,public
ligula360,sub,friend
sed629,function-integer,public
posuere840,function-double,private
maecenas151,boolean,protected
dui715,integer,public
eleifend502,function-double,friend
sed763,function-integer,public
et585,integer,public
sed793,boolean,private
odio323,function-integer,protected
in916,function-double,friend
rutrum387,sub,public
adipiscing814,function-double,protected
placerat462,integer,protected
sapien894,function-integer,protected
orci295,function-boolean,private
libero518,function-boolean,private
aliquet105,function-integer,public
ipsum823,boolean,public
nec127,integer,protected
ac708,function-integer,public
vestibulum768,function-double,friend
est964,function-double,protected
interdum447,function-boolean,protected
elit154,function-boolean,protected
est906,integer,friend
sed413,class,friend
erat468,boolean,public
eget166,double,protected
in898,boolean,protected
est853,class,protected
posuere785,integer,friend
semper544,function-double,public
sem506,boolean,public
tempor376,double,private
sit927,double,private
ipsum996,function-integer,friend
semper881,function-double,protected
cubilia826,boolean,friend
quis884,integer,public
nec446,function-boolean,friend
augue538,function-boolean,private
vestibulum611,boolean,private
sagittis950,double,private
fusce709,integer,protected
integer207,function-integer,protected
metus558,double,friend
in957,sub,private
sem819,double,public
integer960,function-double,private
ac615,function-double,protected
tortor982,class,friend
ac172,double,friend
varius299,boolean,public
ligula928,function-integer,friend
tincidunt154,integer,public
justo450,sub,friend
platea758,double,protected
suscipit427,integer,protected
dui175,function-boolean,private
pede469,integer,friend
at852,boolean,protected
tellus327,integer,private
maecenas608,class,private
tortor980,sub,friend
duis541,class,protected
leo600,double,public
in589,sub,public
eu810,integer,protected
montes300,sub,private
justo447,function-boolean,friend
amet118,function-double,protected
eros973,function-boolean,private
lobortis561,boolean,public
vulputate527,sub,friend
at409,function-integer,protected
etiam657,boolean,public
diam308,function-boolean,friend
eget134,function-double,friend
quisque302,boolean,public
ac131,integer,public
ultrices558,sub,friend
scelerisque541,function-double,friend
aliquam615,sub,friend
mauris952,double,private
eget691,sub,protected
nulla618,function-integer,friend
in119,function-double,protected
non347,double,private
diam342,boolean,public
luctus699,boolean,protected
massa591,function-double,public
sapien289,sub,private
cras866,sub,protected
orci365,integer,public
in161,boolean,protected
sit291,function-integer,protected
platea745,boolean,private
est857,boolean,public
luctus772,double,friend
et533,function-double,protected
erat721,function-boolean,friend
pulvinar638,double,public
non308,integer,public
integer374,function-double,protected
ligula276,double,protected
vitae812,sub,friend
nulla816,class,private
elementum433,class,private
interdum253,integer,friend
iaculis105,function-boolean,protected
tempus354,function-double,public
eros331,function-boolean,protected
et261,integer,public
neque309,function-double,protected
in699,integer,private
amet675,sub,public
volutpat563,function-boolean,protected
in158,double,friend
sit706,function-double,protected
in525,sub,protected
sed255,integer,friend
velit304,function-double,public
quis875,double,protected
a525,function-boolean,public
ante899,double,public
id926,boolean,protected
amet951,class,private
volutpat960,sub,friend
ut481,function-boolean,private
consectetuer568,integer,protected
in978,function-boolean,private
convallis701,function-integer,private
metus833,sub,friend
praesent537,function-boolean,friend
sodales696,function-integer,protected
lobortis730,function-boolean,friend
interdum654,function-double,friend
convallis607,function-integer,private
vivamus585,double,friend
magnis226,double,public
tempus826,function-double,private
ipsum895,function-double,public
vestibulum907,function-integer,protected
erat723,sub,public
dolor595,function-boolean,public
eu729,class,private
ultrices959,integer,protected
pretium917,integer,private
ut578,integer,private
mauris513,boolean,friend
luctus688,function-integer,private
cursus299,sub,friend
vitae543,function-double,private
luctus245,function-double,public
ipsum625,sub,private
pellentesque980,integer,friend
turpis210,class,protected
gravida872,function-boolean,protected
elit710,function-boolean,friend
quam354,sub,private
parturient101,double,public
quam997,function-double,public
enim749,function-boolean,public
consectetuer996,function-integer,friend
ipsum115,function-boolean,friend
in345,double,public
id562,function-double,friend
curae205,function-integer,protected
nibh301,boolean,public
in572,class,friend
nulla269,class,private
aliquet181,function-double,protected
erat203,function-integer,protected
nisl429,function-integer,private
ipsum627,class,friend
vestibulum582,function-integer,friend
ut207,integer,public
velit403,boolean,friend
justo598,double,public
ultrices989,double,private
sodales510,sub,friend
lorem347,integer,public
tristique924,function-double,protected
vel407,function-double,private
id942,sub,public
lobortis492,boolean,protected
nullam901,function-boolean,private
vel469,function-integer,protected
sapien327,function-double,friend
etiam155,sub,friend
mauris908,boolean,protected
lacinia857,function-boolean,public
eu978,class,public
in152,double,protected
vel407,double,public
platea472,boolean,friend
at596,double,private
sed235,integer,friend
amet439,sub,protected
nisl647,sub,private
in646,class,public
eu364,sub,private
magnis561,function-integer,protected
et672,function-boolean,protected
risus900,double,private
nisl815,boolean,public
consequat520,function-integer,protected
tempor473,class,friend
nulla625,function-integer,protected
sed489,integer,private
praesent916,function-boolean,public
nisi940,integer,friend
vel138,function-integer,private
pede629,class,friend
mauris816,function-double,private
mauris238,function-boolean,friend
neque918,function-integer,public
ipsum155,boolean,public
lectus283,function-boolean,protected
venenatis534,boolean,friend
ac212,integer,protected
nulla349,function-boolean,protected
in922,sub,protected
lorem529,integer,protected
ornare439,class,public
ac271,function-boolean,friend
in705,class,protected
purus490,function-integer,friend
tristique216,sub,private
leo848,sub,public
pulvinar651,function-double,friend
consequat863,integer,protected
nam330,function-boolean,public
eget686,double,private
magna725,function-boolean,friend
mauris479,sub,protected
nullam887,double,public
viverra439,class,protected
consequat826,boolean,protected
ac996,function-boolean,friend
volutpat578,class,private
massa589,double,private
dis905,function-integer,public
vestibulum966,integer,private
enim952,integer,friend
primis731,function-integer,private
ac362,function-double,public
fermentum776,integer,private
non438,sub,public
vestibulum556,function-integer,private
sed773,sub,friend
ante393,boolean,protected
amet531,boolean,public
vestibulum860,function-double,private
nec137,integer,private
parturient371,boolean,private
libero888,function-integer,private
eget778,integer,public
maecenas776,double,public
mi923,function-boolean,private
hendrerit154,boolean,private
erat285,integer,protected
iaculis730,class,private
tortor993,integer,private
ligula570,function-boolean,friend
purus911,sub,protected
tortor488,function-integer,public
erat566,class,protected
mauris457,sub,public
non836,double,protected
ipsum320,boolean,private
volutpat127,double,public
nonummy371,boolean,protected
duis134,double,protected
tempus193,function-integer,friend
vestibulum502,boolean,protected
vel719,boolean,protected
eget129,integer,protected
cras694,class,private
convallis132,function-integer,public
nascetur718,boolean,public
in191,double,public
nunc430,double,public
metus483,double,protected
vel788,function-double,friend
est430,function-integer,public
porta575,function-boolean,protected
habitasse455,double,private
tempor205,function-integer,public
pharetra234,class,private
integer112,boolean,private
suscipit561,function-double,friend
leo293,sub,protected
rhoncus701,double,private
sapien902,class,public
libero230,function-double,public
in976,integer,private
laoreet330,boolean,private
pede682,boolean,friend
ante230,integer,public
magna328,integer,friend
fusce758,class,public
sit533,function-integer,protected
enim378,function-double,public
semper563,double,private
nisl912,function-boolean,private
ultrices846,double,protected
eros411,class,public
iaculis240,double,friend
eleifend874,sub,friend
vel831,class,protected
aliquet715,function-integer,public
suspendisse691,function-integer,protected
lectus520,sub,private
ac955,boolean,public
consequat612,sub,friend
nulla932,boolean,private
consectetuer402,function-double,protected
nunc795,function-boolean,public
in486,sub,private
orci147,double,public
gravida260,function-integer,protected
auctor710,integer,friend
dis981,boolean,private
duis851,class,public
cubilia506,function-boolean,public
in179,function-boolean,public
justo104,function-double,public
nam224,function-integer,public
id332,function-double,private
magna640,function-boolean,public
vehicula210,double,friend
in770,boolean,public
tincidunt527,boolean,protected
integer599,integer,friend
posuere400,function-double,friend
primis710,sub,friend
orci889,class,public
sed622,class,protected
at412,function-double,public
non780,sub,protected
tellus551,boolean,friend
ac212,double,public
massa444,function-integer,friend
porta469,double,private
vestibulum578,function-boolean,public
pede540,function-double,public
lacinia678,boolean,private
tellus874,sub,protected
diam911,function-boolean,public
ut302,class,public
posuere703,function-boolean,private
elementum696,integer,public
neque424,sub,protected
praesent490,function-double,protected
dictumst610,function-boolean,friend
bibendum266,function-boolean,private
in362,double,private
eget617,function-boolean,friend
dapibus174,class,private
aenean412,function-integer,private
vivamus111,sub,private
morbi643,function-boolean,protected
id369,double,friend
mauris527,function-integer,protected
velit903,function-integer,private
lorem533,integer,private
hendrerit516,function-double,protected
iaculis852,function-boolean,protected
donec349,class,friend
pede824,function-boolean,private
nascetur821,integer,friend
primis619,double,public
dui946,integer,public
ligula853,sub,protected
aenean255,boolean,friend
id954,sub,private
rutrum936,boolean,friend
pretium535,integer,public
est478,function-boolean,protected
felis519,sub,private
eu533,function-boolean,protected
nulla751,function-double,protected
blandit867,class,public
justo824,sub,private
commodo493,function-boolean,friend
curae323,integer,protected
metus948,integer,private
adipiscing740,sub,public
augue530,function-integer,protected
a305,function-integer,protected
justo158,double,protected
tempus844,function-boolean,friend
condimentum305,integer,private
arcu899,function-boolean,public
ipsum849,double,friend
eu880,integer,protected
dignissim464,sub,private
ullamcorper333,function-double,public
sit644,function-boolean,public
adipiscing848,function-double,public
rutrum519,sub,private
at820,double,protected
quis968,function-double,public
montes765,function-integer,friend
amet199,integer,protected
proin433,sub,protected
dolor643,function-double,private
ut229,function-double,private
proin610,double,public
nam406,class,protected
eget502,function-integer,public
aliquet478,double,protected
mollis656,class,protected
amet684,sub,friend
sed820,boolean,private
et605,sub,protected
nec962,function-boolean,public
nisl405,sub,protected
quam705,function-boolean,protected
ligula744,sub,protected
at721,sub,private
sed320,function-integer,friend
praesent746,double,protected
at331,sub,public
justo607,double,friend
odio222,class,private
pellentesque684,class,public
sed589,double,private
odio193,function-double,public
at639,sub,friend
leo469,function-double,friend
lobortis528,function-integer,public
in676,boolean,protected
nulla122,sub,protected
hac539,function-integer,public
risus114,class,friend
neque594,sub,friend
mauris710,function-double,friend
consequat913,sub,friend
massa749,function-boolean,public
id132,boolean,friend
sem261,double,public
ultrices283,boolean,friend
at389,sub,private
euismod819,double,friend
consectetuer541,function-boolean,private
nulla302,integer,friend
volutpat740,class,private
at946,function-boolean,public
orci520,function-boolean,protected
ut995,boolean,public
pede918,boolean,protected
id148,sub,friend
vivamus543,boolean,public
pulvinar812,integer,friend
dignissim668,function-double,public
donec551,function-double,public
blandit608,boolean,protected
vestibulum117,double,private
justo125,double,protected
pede236,integer,friend
ultrices150,class,private
accumsan513,boolean,friend
luctus236,sub,protected
ipsum402,function-integer,public
at457,sub,friend
odio138,double,private
ultrices492,function-integer,protected
nisl788,function-boolean,private
quis260,boolean,public
metus989,function-double,private
vestibulum489,function-integer,friend
penatibus536,boolean,public
turpis517,class,private
augue506,class,protected
potenti667,class,private
nulla831,integer,friend
augue555,function-double,friend
amet320,boolean,private

