Symbol Name,Type,Scope
maecenas652,function-integer,private
leo174,function-boolean,public
justo612,double,public
diam554,integer,friend
velit480,function-boolean,friend
eget132,function-integer,public
mi193,function-double,protected
primis320,function-boolean,protected
nunc773,class,friend
pretium964,function-double,public
dolor929,function-integer,protected
odio365,boolean,private
mauris658,boolean,friend
id334,function-integer,friend
metus117,boolean,protected
posuere885,integer,public
ut317,function-double,private
ipsum884,function-double,protected
volutpat556,integer,public
pede226,double,protected
sagittis547,integer,protected
sed966,integer,public
cursus241,integer,protected
congue716,integer,private
dictumst155,function-double,protected
molestie846,integer,private
vel239,class,private
elementum138,integer,friend
eget739,boolean,private
ultrices646,function-integer,public
et586,boolean,private
nonummy731,function-boolean,protected
etiam264,integer,public
quam417,function-integer,private
vestibulum188,integer,private
aliquam337,double,friend
blandit379,class,public
sodales244,function-integer,public
nisl833,integer,public
libero409,integer,protected
justo378,sub,friend
consequat897,boolean,friend
odio304,boolean,protected
natoque775,function-integer,protected
porttitor324,function-double,public
quisque480,integer,private
eu689,integer,friend
dolor738,function-double,friend
velit740,double,protected
rutrum466,sub,friend
donec693,boolean,private
erat692,double,protected
sit943,function-boolean,friend
volutpat460,class,private
eget826,class,protected
donec452,function-integer,public
molestie400,boolean,protected
non133,boolean,protected
integer887,function-boolean,public
sapien975,function-boolean,private
augue203,function-double,protected
at974,double,private
in441,integer,public
sapien122,function-double,public
rutrum748,double,private
id286,sub,protected
eu276,function-boolean,private
aliquam522,function-boolean,public
rhoncus383,class,protected
eu770,double,friend
rutrum431,class,public
orci823,sub,private
at847,class,friend
amet380,integer,private
eleifend137,class,friend
curabitur865,function-integer,protected
ridiculus290,function-double,friend
porta978,double,friend
vel928,function-integer,private
convallis718,function-double,protected
at676,function-integer,protected
curae114,function-integer,protected
diam930,function-boolean,public
eleifend628,function-boolean,protected
amet892,function-boolean,private
sed842,sub,protected
diam780,function-boolean,protected
et585,sub,friend
consectetuer305,boolean,public
sociis109,function-boolean,public
lectus830,function-boolean,public
dui232,double,friend
mi907,boolean,public
mi884,function-integer,friend
nisi805,boolean,friend
faucibus304,class,public
ipsum421,function-boolean,friend
vulputate860,sub,private
sem736,function-boolean,protected
rutrum942,boolean,private
nulla367,function-double,friend
dapibus791,boolean,private
molestie941,function-double,friend
id825,sub,public
pretium516,boolean,public
pellentesque148,boolean,public
risus432,boolean,protected
a178,function-boolean,friend
morbi920,boolean,friend
erat369,double,friend
vivamus374,class,public
curae916,function-boolean,public
ut976,class,public
proin853,double,private
mattis679,integer,private
augue792,boolean,friend
quis719,boolean,protected
dapibus552,function-integer,private
donec732,class,private
ac522,function-integer,friend
nec566,class,protected
justo551,boolean,public
suspendisse524,function-boolean,private
cum140,function-boolean,public
suscipit767,double,public
rutrum267,function-double,public
bibendum233,sub,friend
amet883,class,protected
suspendisse941,integer,private
vulputate486,function-integer,public
mauris429,boolean,protected
id773,integer,friend
eget241,function-integer,private
ut945,function-boolean,public
purus413,class,public
nisl162,function-integer,protected
magna391,double,friend
sapien224,function-integer,protected
odio600,function-integer,protected
luctus456,integer,friend
mauris948,integer,private
massa719,class,friend
sit777,integer,protected
faucibus968,integer,public
nam152,sub,public
enim490,function-integer,public
quis823,function-double,protected
nisi802,integer,friend
massa275,sub,protected
non271,function-integer,friend
sed121,integer,private
mattis704,integer,public
nec858,double,protected
in487,boolean,private
vel949,double,public
vestibulum664,double,friend
odio926,sub,protected
mollis888,class,public
dui966,sub,private
eros295,function-boolean,protected
dis786,sub,protected
congue339,function-double,protected
suscipit788,double,protected
semper229,boolean,friend
quam163,function-integer,private
vulputate282,boolean,friend
cras244,double,friend
justo447,integer,private
odio537,function-boolean,protected
eget410,integer,public
duis222,function-double,friend
potenti882,class,protected
nisl294,boolean,protected
eu166,integer,private
magnis823,double,friend
pede630,integer,public
posuere296,double,private
congue760,function-boolean,private
lacus571,integer,private
in367,class,private
eu706,class,friend
turpis809,integer,private
non791,function-double,friend
sed959,function-double,friend
viverra709,double,protected
augue600,integer,friend
cras110,sub,private
integer763,integer,friend
orci207,sub,private
risus791,double,public
lorem889,function-boolean,public
nulla491,class,friend
mattis537,integer,protected
sem957,boolean,friend
enim202,class,protected
dolor308,function-integer,public
nibh165,class,friend
pede787,function-double,protected
metus422,boolean,friend
sit420,function-double,protected
potenti165,sub,public
morbi364,function-boolean,protected
vitae777,integer,friend
augue338,integer,protected
felis208,class,protected
tristique415,double,friend
vivamus418,class,friend
curabitur667,boolean,public
aliquam248,function-boolean,private
nulla647,function-integer,private
sollicitudin558,double,protected
nisl251,function-integer,public
elementum289,boolean,protected
vel262,function-boolean,public
interdum156,function-double,protected
sed560,boolean,public
ac721,boolean,protected
non469,function-double,private
donec141,sub,public
vel774,double,protected
neque703,class,private
vel660,function-boolean,private
lacus661,function-double,public
vel821,integer,protected
congue769,boolean,protected
vel568,function-double,protected
nisi395,function-integer,protected
sed355,function-double,private
vel258,function-double,private
dolor153,integer,protected
donec629,function-boolean,public
maecenas368,function-double,public
suspendisse466,integer,private
sapien908,double,public
non323,class,private
amet423,class,public
amet906,boolean,protected
natoque511,integer,private
est409,double,public
libero688,sub,private
sit979,function-double,protected
tellus451,double,protected
interdum247,integer,friend
ligula454,double,protected
duis388,function-double,friend
sit454,class,private
ut292,function-double,friend
molestie601,function-double,private
ultrices453,double,private
nibh207,integer,protected
nonummy849,class,protected
ut831,function-integer,public
vivamus308,integer,public
semper876,class,public
maecenas588,function-double,private
erat850,boolean,protected
tincidunt535,function-boolean,public
erat364,sub,public
faucibus176,sub,private
aliquam333,class,protected
cras487,sub,public
cras483,function-boolean,friend
posuere333,function-double,protected
et735,double,protected
ligula576,function-boolean,private
sapien756,function-double,protected
mattis323,double,friend
platea367,sub,private
aliquam574,class,private
convallis337,integer,friend
justo646,function-double,public
tincidunt514,double,friend
morbi258,boolean,private
pellentesque849,function-double,protected
at504,integer,protected
vestibulum150,class,private
ullamcorper644,function-boolean,protected
in852,function-double,protected
id531,sub,friend
diam559,boolean,private
molestie288,class,private
donec220,double,protected
erat804,function-boolean,private
platea534,boolean,public
habitasse576,function-double,friend
adipiscing779,function-integer,protected
gravida754,function-boolean,private
cum452,sub,protected
nisi555,double,public
sit814,sub,private
aliquam777,integer,private
vitae650,class,public
adipiscing995,double,friend
vestibulum334,function-double,public
donec114,double,friend
tortor431,boolean,friend
in350,integer,protected
in365,class,protected
proin973,class,private
congue632,boolean,private
non840,integer,public
magna653,double,private
non443,function-double,protected
non538,function-boolean,public
volutpat619,function-integer,protected
eu863,class,friend
fermentum525,function-double,private
maecenas976,double,friend
sed421,boolean,public
curae714,function-boolean,friend
auctor718,class,protected
tempor817,function-integer,protected
convallis867,sub,protected
nulla699,function-integer,protected
in579,sub,friend
posuere459,class,friend
ac141,sub,protected
ut896,function-double,private
proin245,sub,private
platea798,function-integer,protected
phasellus109,function-double,public
lacinia371,function-boolean,friend
lacinia935,function-integer,protected
ut275,function-double,public
orci384,function-double,friend
nam624,double,friend
quisque944,function-integer,public
est236,function-double,private
consectetuer850,function-double,private
integer193,double,protected
erat810,sub,private
rutrum362,class,public
nec386,sub,friend
habitasse924,function-double,protected
vestibulum915,double,protected
vel476,integer,private
varius781,function-boolean,private
nulla788,boolean,protected
in948,integer,public
magna609,boolean,protected
ante968,function-integer,public
aenean490,double,protected
lacinia442,function-double,private
magna906,sub,private
luctus699,function-boolean,protected
aliquam545,sub,private
at940,function-double,protected
vel318,boolean,protected
pulvinar642,integer,public
aliquet860,integer,public
dignissim639,integer,private
lacinia764,integer,friend
tortor205,double,private
etiam411,function-boolean,protected
sem182,integer,private
mauris497,class,private
nisi916,boolean,protected
maecenas618,function-integer,protected
cras306,sub,friend
ut969,function-boolean,public
in136,function-double,protected
vestibulum539,double,protected
placerat972,function-double,private
lorem105,function-boolean,protected
quam121,integer,private
mauris149,function-double,public
magnis114,integer,protected
nulla836,function-double,public
tincidunt208,boolean,protected
eu419,function-boolean,protected
consequat691,integer,public
ullamcorper549,class,private
ipsum147,class,friend
in480,function-double,protected
tellus561,function-boolean,protected
cubilia607,integer,protected
sit662,sub,friend
quam593,boolean,friend
porttitor503,integer,public
auctor836,sub,friend
ipsum731,function-boolean,friend
posuere768,integer,private
leo953,boolean,private
posuere660,integer,friend
eu930,function-boolean,protected
porttitor302,function-double,private
turpis868,boolean,protected
semper730,function-double,friend
metus786,class,private
egestas486,double,public
aliquet960,function-boolean,public
sodales741,function-integer,public
nunc798,function-integer,protected
faucibus780,function-double,public
ac566,function-integer,private
est370,function-double,friend
odio808,double,protected
odio682,function-integer,private
ipsum673,function-double,friend
leo256,function-boolean,protected
neque114,boolean,public
posuere954,function-double,protected
eu189,double,protected
dui659,function-integer,protected
ridiculus377,boolean,protected
massa409,function-boolean,protected
ligula323,boolean,public
eget423,double,friend
ridiculus908,function-integer,private
arcu357,sub,public
velit603,class,protected
quis611,function-boolean,protected
eu604,double,protected
adipiscing680,function-double,private
eget970,function-boolean,friend
pede208,class,private
justo877,function-boolean,friend
donec726,double,protected
non492,double,friend
ipsum190,sub,protected
mollis195,sub,protected
nulla719,sub,friend
aliquet293,function-integer,friend
lacus474,integer,public
in511,sub,protected
suscipit459,function-integer,protected
ligula869,function-boolean,public
consequat585,double,friend
velit628,integer,protected
vestibulum779,function-integer,friend
justo404,function-boolean,friend
condimentum544,integer,private
amet908,boolean,protected
morbi711,function-integer,private
justo389,function-double,friend
ultrices379,function-integer,protected
amet611,function-double,public
sed928,function-integer,private
ac784,sub,friend
fusce326,function-boolean,protected
cubilia399,double,public
magna380,function-boolean,friend
turpis379,double,private
sollicitudin181,integer,protected
quis876,function-integer,private
fringilla757,boolean,protected
vel365,integer,protected
cubilia636,function-double,friend
dui229,double,private
congue494,class,protected
ut725,class,private
dapibus747,function-double,friend
erat971,function-integer,public
neque719,function-double,protected
in586,integer,friend
ultrices624,class,friend
dui937,function-integer,protected
libero524,function-integer,friend
cras887,boolean,public
semper187,function-boolean,friend
ipsum381,function-double,public
lectus969,class,private
purus283,function-integer,protected
lacus376,function-double,friend
ut297,sub,protected
mi528,integer,private
augue610,integer,protected
pellentesque162,class,protected
lacus235,sub,private
quam312,boolean,protected
vulputate578,double,friend
venenatis275,boolean,protected
lorem742,double,public
congue147,function-boolean,public
et432,sub,protected
pede437,double,private
in278,function-double,friend
faucibus143,function-boolean,public
sed392,class,private
quisque948,sub,private
vehicula862,class,private
ipsum700,boolean,public
curabitur718,function-integer,public
urna506,function-double,friend
placerat576,class,friend
quis809,boolean,friend
parturient154,sub,public
etiam788,sub,friend
curae914,function-integer,protected
cubilia325,function-integer,protected
tortor797,function-integer,private
vitae424,function-boolean,public
cursus808,function-boolean,public
euismod792,function-integer,private
tincidunt477,function-integer,public
et272,function-integer,private
in901,integer,public
nulla458,sub,public
ipsum733,function-double,friend
est493,function-double,protected
eleifend268,sub,private
pulvinar879,function-double,public
donec921,function-integer,private
nec858,function-integer,private
in713,class,public
pede134,function-double,public
maecenas133,sub,protected
phasellus683,function-integer,private
vulputate967,double,private
amet131,double,private
nibh454,function-boolean,public
in628,sub,private
non970,function-double,private
quis716,class,private
diam706,function-integer,friend
cubilia871,boolean,private
vel433,integer,friend
elementum234,double,private
tempor149,boolean,public
ligula360,sub,friend
sed629,function-integer,public
posuere840,function-double,private
maecenas151,boolean,protected
dui715,integer,public
eleifend502,function-double,friend
sed763,function-integer,public
et585,integer,public
sed793,boolean,private
odio323,function-integer,protected
in916,function-double,friend
rutrum387,sub,public
adipiscing814,function-double,protected
placerat462,integer,protected
sapien894,function-integer,protected
orci295,function-boolean,private
libero518,function-boolean,private
aliquet105,function-integer,public
ipsum823,boolean,public
nec127,integer,protected
ac708,function-integer,public
vestibulum768,function-double,friend
est964,function-double,protected
interdum447,function-boolean,protected
elit154,function-boolean,protected
est906,integer,friend
sed413,class,friend
erat468,boolean,public
eget166,double,protected
in898,boolean,protected
est853,class,protected
posuere785,integer,friend
semper544,function-double,public
sem506,boolean,public
tempor376,double,private
sit927,double,private
ipsum996,function-integer,friend
semper881,function-double,protected
cubilia826,boolean,friend
quis884,integer,public
nec446,function-boolean,friend
augue538,function-boolean,private
vestibulum611,boolean,private
sagittis950,double,private
fusce709,integer,protected
integer207,function-integer,protected
metus558,double,friend
in957,sub,private
sem819,double,public
integer960,function-double,private
ac615,function-double,protected
tortor982,class,friend
ac172,double,friend
varius299,boolean,public
ligula928,function-integer,friend
tincidunt154,integer,public
justo450,sub,friend
platea758,double,protected
suscipit427,integer,protected
dui175,function-boolean,private
pede469,integer,friend
at852,boolean,protected
tellus327,integer,private
maecenas608,class,private
tortor980,sub,friend
duis541,class,protected
leo600,double,public
in589,sub,public
eu810,integer,protected
montes300,sub,private
justo447,function-boolean,friend
amet118,function-double,protected
eros973,function-boolean,private
lobortis561,boolean,public
vulputate527,sub,friend
at409,function-integer,protected
etiam657,boolean,public
diam308,function-boolean,friend
eget134,function-double,friend
quisque302,boolean,public
ac131,integer,public
ultrices558,sub,friend
scelerisque541,function-double,friend
aliquam615,sub,friend
mauris952,double,private
eget691,sub,protected
nulla618,function-integer,friend
in119,function-double,protected
non347,double,private
diam342,boolean,public
luctus699,boolean,protected
massa591,function-double,public
sapien289,sub,private
cras866,sub,protected
orci365,integer,public
in161,boolean,protected
sit291,function-integer,protected
platea745,boolean,private
est857,boolean,public
luctus772,double,friend
et533,function-double,protected
erat721,function-boolean,friend
pulvinar638,double,public
non308,integer,public
integer374,function-double,protected
ligula276,double,protected
vitae812,sub,friend
nulla816,class,private
elementum433,class,private
interdum253,integer,friend
iaculis105,function-boolean,protected
tempus354,function-double,public
eros331,function-boolean,protected
et261,integer,public
neque309,function-double,protected
in699,integer,private
amet675,sub,public
volutpat563,function-boolean,protected
in158,double,friend
sit706,function-double,protected
in525,sub,protected
sed255,integer,friend
velit304,function-double,public
quis875,double,protected
a525,function-boolean,public
ante899,double,public
id926,boolean,protected
amet951,class,private
volutpat960,sub,friend
ut481,function-boolean,private
consectetuer568,integer,protected
in978,function-boolean,private
convallis701,function-integer,private
metus833,sub,friend
praesent537,function-boolean,friend
sodales696,function-integer,protected
lobortis730,function-boolean,friend
interdum654,function-double,friend
convallis607,function-integer,private
vivamus585,double,friend
magnis226,double,public
tempus826,function-double,private
ipsum895,function-double,public
vestibulum907,function-integer,protected
erat723,sub,public
dolor595,function-boolean,public
eu729,class,private
ultrices959,integer,protected
pretium917,integer,private
ut578,integer,private
mauris513,boolean,friend
luctus688,function-integer,private
cursus299,sub,friend
vitae543,function-double,private
luctus245,function-double,public
ipsum625,sub,private
pellentesque980,integer,friend
turpis210,class,protected
gravida872,function-boolean,protected
elit710,function-boolean,friend
quam354,sub,private
parturient101,double,public
quam997,function-double,public
enim749,function-boolean,public
consectetuer996,function-integer,friend
ipsum115,function-boolean,friend
in345,double,public
id562,function-double,friend
curae205,function-integer,protected
nibh301,boolean,public
in572,class,friend
nulla269,class,private
aliquet181,function-double,protected
erat203,function-integer,protected
nisl429,function-integer,private
ipsum627,class,friend
vestibulum582,function-integer,friend
ut207,integer,public
velit403,boolean,friend
justo598,double,public
ultrices989,double,private
sodales510,sub,friend
lorem347,integer,public
tristique924,function-double,protected
vel407,function-double,private
id942,sub,public
lobortis492,boolean,protected
nullam901,function-boolean,private
vel469,function-integer,protected
sapien327,function-double,friend
etiam155,sub,friend
mauris908,boolean,protected
lacinia857,function-boolean,public
eu978,class,public
in152,double,protected
vel407,double,public
platea472,boolean,friend
at596,double,private
sed235,integer,friend
amet439,sub,protected
nisl647,sub,private
in646,class,public
eu364,sub,private
magnis561,function-integer,protected
et672,function-boolean,protected
risus900,double,private
nisl815,boolean,public
consequat520,function-integer,protected
tempor473,class,friend
nulla625,function-integer,protected
sed489,integer,private
praesent916,function-boolean,public
nisi940,integer,friend
vel138,function-integer,private
pede629,class,friend
mauris816,function-double,private
mauris238,function-boolean,friend
neque918,function-integer,public
ipsum155,boolean,public
lectus283,function-boolean,protected
venenatis534,boolean,friend
ac212,integer,protected
nulla349,function-boolean,protected
in922,sub,protected
lorem529,integer,protected
ornare439,class,public
ac271,function-boolean,friend
in705,class,protected
purus490,function-integer,friend
tristique216,sub,private
leo848,sub,public
pulvinar651,function-double,friend
consequat863,integer,protected
nam330,function-boolean,public
eget686,double,private
magna725,function-boolean,friend
mauris479,sub,protected
nullam887,double,public
viverra439,class,protected
consequat826,boolean,protected
ac996,function-boolean,friend
volutpat578,class,private
massa589,double,private
dis905,function-integer,public
vestibulum966,integer,private
enim952,integer,friend
primis731,function-integer,private
ac362,function-double,public
fermentum776,integer,private
non438,sub,public
vestibulum556,function-integer,private
sed773,sub,friend
ante393,boolean,protected
amet531,boolean,public
vestibulum860,function-double,private
nec137,integer,private
parturient371,boolean,private
libero888,function-integer,private
eget778,integer,public
maecenas776,double,public
mi923,function-boolean,private
hendrerit154,boolean,private
erat285,integer,protected
iaculis730,class,private
tortor993,integer,private
ligula570,function-boolean,friend
purus911,sub,protected
tortor488,function-integer,public
erat566,class,protected
mauris457,sub,public
non836,double,protected
ipsum320,boolean,private
volutpat127,double,public
nonummy371,boolean,protected
duis134,double,protected
tempus193,function-integer,friend
vestibulum502,boolean,protected
vel719,boolean,protected
eget129,integer,protected
cras694,class,private
convallis132,function-integer,public
nascetur718,boolean,public
in191,double,public
nunc430,double,public
metus483,double,protected
vel788,function-double,friend
est430,function-integer,public
porta575,function-boolean,protected
habitasse455,double,private
tempor205,function-integer,public
pharetra234,class,private
integer112,boolean,private
suscipit561,function-double,friend
leo293,sub,protected
rhoncus701,double,private
sapien902,class,public
libero230,function-double,public
in976,integer,private
laoreet330,boolean,private
pede682,boolean,friend
ante230,integer,public
magna328,integer,friend
fusce758,class,public
sit533,function-integer,protected
enim378,function-double,public
semper563,double,private
nisl912,function-boolean,private
ultrices846,double,protected
eros411,class,public
iaculis240,double,friend
eleifend874,sub,friend
vel831,class,protected
aliquet715,function-integer,public
suspendisse691,function-integer,protected
lectus520,sub,private
ac955,boolean,public
consequat612,sub,friend
nulla932,boolean,private
consectetuer402,function-double,protected
nunc795,function-boolean,public
in486,sub,private
orci147,double,public
gravida260,function-integer,protected
auctor710,integer,friend
dis981,boolean,private
duis851,class,public
cubilia506,function-boolean,public
in179,function-boolean,public
justo104,function-double,public
nam224,function-integer,public
id332,function-double,private
magna640,function-boolean,public
vehicula210,double,friend
in770,boolean,public
tincidunt527,boolean,protected
integer599,integer,friend
posuere400,function-double,friend
primis710,sub,friend
orci889,class,public
sed622,class,protected
at412,function-double,public
non780,sub,protected
tellus551,boolean,friend
ac212,double,public
massa444,function-integer,friend
porta469,double,private
vestibulum578,function-boolean,public
pede540,function-double,public
lacinia678,boolean,private
tellus874,sub,protected
diam911,function-boolean,public
ut302,class,public
posuere703,function-boolean,private
elementum696,integer,public
neque424,sub,protected
praesent490,function-double,protected
dictumst610,function-boolean,friend
bibendum266,function-boolean,private
in362,double,private
eget617,function-boolean,friend
dapibus174,class,private
aenean412,function-integer,private
vivamus111,sub,private
morbi643,function-boolean,protected
id369,double,friend
mauris527,function-integer,protected
velit903,function-integer,private
lorem533,integer,private
hendrerit516,function-double,protected
iaculis852,function-boolean,protected
donec349,class,friend
pede824,function-boolean,private
nascetur821,integer,friend
primis619,double,public
dui946,integer,public
ligula853,sub,protected
aenean255,boolean,friend
id954,sub,private
rutrum936,boolean,friend
pretium535,integer,public
est478,function-boolean,protected
felis519,sub,private
eu533,function-boolean,protected
nulla751,function-double,protected
blandit867,class,public
justo824,sub,private
commodo493,function-boolean,friend
curae323,integer,protected
metus948,integer,private
adipiscing740,sub,public
augue530,function-integer,protected
a305,function-integer,protected
justo158,double,protected
tempus844,function-boolean,friend
condimentum305,integer,private
arcu899,function-boolean,public
ipsum849,double,friend
eu880,integer,protected
dignissim464,sub,private
ullamcorper333,function-double,public
sit644,function-boolean,public
adipiscing848,function-double,public
rutrum519,sub,private
at820,double,protected
quis968,function-double,public
montes765,function-integer,friend
amet199,integer,protected
proin433,sub,protected
dolor643,function-double,private
ut229,function-double,private
proin610,double,public
nam406,class,protected
eget502,function-integer,public
aliquet478,double,protected
mollis656,class,protected
amet684,sub,friend
sed820,boolean,private
et605,sub,protected
nec962,function-boolean,public
nisl405,sub,protected
quam705,function-boolean,protected
ligula744,sub,protected
at721,sub,private
sed320,function-integer,friend
praesent746,double,protected
at331,sub,public
justo607,double,friend
odio222,class,private
pellentesque684,class,public
sed589,double,private
odio193,function-double,public
at639,sub,friend
leo469,function-double,friend
lobortis528,function-integer,public
in676,boolean,protected
nulla122,sub,protected
hac539,function-integer,public
risus114,class,friend
neque594,sub,friend
mauris710,function-double,friend
consequat913,sub,friend
massa749,function-boolean,public
id132,boolean,friend
sem261,double,public
ultrices283,boolean,friend
at389,sub,private
euismod819,double,friend
consectetuer541,function-boolean,private
nulla302,integer,friend
volutpat740,class,private
at946,function-boolean,public
orci520,function-boolean,protected
ut995,boolean,public
pede918,boolean,protected
id148,sub,friend
vivamus543,boolean,public
pulvinar812,integer,friend
dignissim668,function-double,public
donec551,function-double,public
blandit608,boolean,protected
vestibulum117,double,private
justo125,double,protected
pede236,integer,friend
ultrices150,class,private
accumsan513,boolean,friend
luctus236,sub,protected
ipsum402,function-integer,public
at457,sub,friend
odio138,double,private
ultrices492,function-integer,protected
nisl788,function-boolean,private
quis260,boolean,public
metus989,function-double,private
vestibulum489,function-integer,friend
penatibus536,boolean,public
turpis517,class,private
augue506,class,protected
potenti667,class,private
nulla831,integer,friend
augue555,function-double,friend
amet320,boolean,private
x22E6ofLxW1,function-integer,private
xbYNR0R5,function-boolean,public
c6PdQRrV0vb,double,public
u9357DO3e,integer,friend
JwN3Y1Dy,function-boolean,friend
r93t8y4,function-integer,public
4Y8K7Fq7Rug4,function-double,protected
Cxfjh2n0Y,function-boolean,protected
p039zX7fRE8Z,class,friend
lu8X3nj0GeB,function-double,public
Zm3wP40t0,function-integer,protected
XaqtzAf,boolean,private
NocQ5tjbqX,boolean,friend
xc8g288FH9q,function-integer,friend
Jx2b55,boolean,protected
T8jf5ied,integer,public
0H0P0T5LE,function-double,private
LSF4XDyF81H,function-double,protected
WWO7xyGaM2,integer,public
7QZ8cJ18kG7R,double,protected
QTQFq7Eo,integer,protected
8WTx5WFl,integer,public
4f4muqsy8v,integer,protected
x47zi7geNsB,integer,private
5ClSypA7O,function-double,protected
i9Wku7,integer,private
ty860HcC4,class,private
84XD756490,integer,friend
WRaaJ2Nv4,boolean,private
bODnI8,function-integer,public
Sa3y2764v3tn,boolean,private
FaG09y0i,function-boolean,protected
WCBxQp4,integer,public
hyjum6,function-integer,private
d2ZtIAn,integer,private
qMcVDXKfEDvm,double,friend
M7CH8Nu22R,class,public
MkBy76W34,function-integer,public
G6pn01M,integer,public
93K1n14W2K3,integer,protected
uscb3Y8,sub,friend
8VBPqsFYBr,boolean,friend
q9TR8p02A6t,boolean,protected
7TAyeTW,function-integer,protected
s7RcimF880g,function-double,public
2l5547Fv9,integer,private
zKZ0Da1o,integer,friend
e3xUP2ch98,function-double,friend
33SFdK93nPN,double,protected
l9v3EWJ38,sub,friend
iySwIcBr4rY,boolean,private
1UBHrDTeSH,double,protected
L2EQ3raH6n1,function-boolean,friend
ihyS14,class,private
4e8L351,class,protected
TmlCbSZs00,function-integer,public
06O3RBYx99,boolean,protected
hME5N6On,boolean,protected
fVp4zeBA14,function-boolean,public
aV2V3dwG,function-boolean,private
4gc07cVx8aK,function-double,protected
plGnfm,double,private
5wE7LlIOz2,integer,public
8qqAK88nhpnF,function-double,public
8K82Hm0nTF4,double,private
5RfVPF,sub,protected
26qhvy1ae2,function-boolean,private
Ww6RV1W6h,function-boolean,public
6wbY26rY8M15,class,protected
54u6HQf5,double,friend
772vb0kBH6k,class,public
bmXgqe,sub,private
9Ks27S,class,friend
aPIo27,integer,private
0K6jPZ0p9,class,friend
KC6AjsoGY,function-integer,protected
2g6UeQK,function-double,friend
93vJC9C,double,friend
116m58R2Xb,function-integer,private
HrU407m60Su3,function-double,protected
S653yj42EWz,function-integer,protected
v0L6hKzc67Jq,function-integer,protected
24ol7M545g,function-boolean,public
95AB7o5,function-boolean,protected
M9t19E,function-boolean,private
xFauM93,sub,protected
5li020pq16,function-boolean,protected
Ts3H6Y7kR,sub,friend
qJZIUt365bm,boolean,public
0V986Lp0Sr5,function-boolean,public
vJqUa13UJ,function-boolean,public
0j388w,double,friend
NO4qApR,boolean,public
7gatH1NWCF,function-integer,friend
SUG0s9i6L,boolean,friend
3fudHYEUK,class,public
S7Y8nN08898,function-boolean,friend
91PGG09e,sub,private
0wJfm9n3,function-boolean,protected
Ibw8U5971wfs,boolean,private
18cAlD,function-double,friend
JDk6S6,boolean,private
wWAAKL2Y49o,function-double,friend
NtkC1gj8,sub,public
5o7jjj4A10og,boolean,public
sIs2Ph1ioX17,boolean,public
8hi8xi3L,boolean,protected
20PVnKiJB9rM,function-boolean,friend
IkgIk8iT02,boolean,friend
A9UkJpzOH,double,friend
55nuy99i3Bo,class,public
8OQWsU9s,function-boolean,public
43n7ov,class,public
iEE7fljqLax5,double,private
xoH42RQyl,integer,private
h8jiG3m1RcU,boolean,friend
j9sdKde,boolean,protected
B8Kp53642,function-integer,private
c67PZXC,class,private
N6c6962B,function-integer,friend
I1TnZ7vk8vY,class,protected
9lcxR82o618B,boolean,public
Jj2OP27,function-boolean,private
V8aNGG,function-boolean,public
7pkWmb,double,public
IEX862,function-double,public
En4i1fd9Ou,sub,friend
D1f68KE3,class,protected
6Mp0x68,integer,private
1d6k040w9Z09,function-integer,public
svUNJob,boolean,protected
t18vgE,integer,friend
05Vxuo4Dy,function-integer,private
e9LnH6R,function-boolean,public
hR771Yh,class,public
B9jS8B1pGTez,function-integer,protected
8tmXO8k,double,friend
K5xmEH,function-integer,protected
c5kp7t4V7,function-integer,protected
1LNuPstgFuZr,integer,friend
w0Nh3N,integer,private
Imc42p36an,class,friend
7euY4YO0e9,integer,protected
SBm282y,integer,public
c7JBevM87E02,sub,public
7rw3SPFcD,function-integer,public
hzOxnUcbBh16,function-double,protected
760C267gg4G,integer,friend
ug39pV7,sub,protected
H98UPBe,function-integer,friend
M282he8,integer,private
4R1c0R4G,integer,public
184j1rK7e37x,double,protected
v95u45CtC49O,boolean,private
81sCZAR805i,double,public
50f2mG20o,double,friend
2jqJY3Z,sub,protected
yk3Jsd86YdPJ,class,public
7q2dtM,sub,private
297j8G0c,function-boolean,protected
yBe5A047,sub,protected
F80h92Wwj,function-double,protected
9rL9IRL3,double,protected
SA2iHQiQL9E0,boolean,friend
693Z46n,function-integer,private
sE6yK38Bf,boolean,friend
0qIU146,double,friend
s07678hChr,integer,private
t8DpDw,function-boolean,protected
K34QLFJZ0,integer,public
1A1Zo9j0,function-double,friend
Xaol09hL,class,protected
bn89Tb7Fm,boolean,protected
cn08l8CbdEsD,integer,private
qu0t0Ni8V,double,friend
mXBN9d,integer,public
783w4W3zIYYD,double,private
3ED40eR8,function-boolean,private
09aQ6aBjgp9O,integer,private
01xSej43365O,class,private
gyO8PvgWBA,class,friend
0682cL5OBPxe,integer,private
T37Zw7u4714,function-double,friend
bx65iy,function-double,friend
mJ3Vx73d05,double,protected
m362S7N5,integer,friend
q1IN114mK,sub,private
g0VsbMbpb8,integer,friend
17Lf94aWa,sub,private
4PnB71pwKlV0,double,public
C1D2mUi,function-boolean,public
uZb4Y92,class,friend
VniKd51,integer,protected
P0W8Y8zqKt,boolean,friend
Wv02b9CK4P,class,protected
x0yAkA9,function-integer,public
UKTWJy8L2HlZ,class,friend
noh0a4ovzLU,function-double,protected
rykBl8TsepR0,boolean,friend
VEYDu2UiR,function-double,protected
t2cMOM18rxl2,sub,public
EerVD75,function-boolean,protected
l616Ck3,integer,friend
j06T4nC,integer,protected
3qIhfvT,class,protected
Ri7EewwwT4T8,double,friend
U5Hx5ZA8M,class,friend
61O6nD0zU3Cw,boolean,public
8Iqt2U6K,function-boolean,private
zh6472Nd,function-integer,private
4wZfIt,double,protected
Siy1T6D,function-integer,public
ziT6n3fJ61,boolean,protected
QKD083wy22j,function-boolean,public
QIkOyD,function-double,protected
N7Oag2Rfdi,boolean,public
9Z35p8d2a6a,boolean,protected
yrc02p9tjB,function-double,private
KmCiAUUqAOC,sub,public
677H30,double,protected
UQoh8j56,class,private
75B2U7s6R01,function-boolean,private
840GF0rE,function-double,public
VeMWXfdRpkP,integer,protected
FYXtx62,boolean,protected
xl82jagwN,function-double,protected
BV18Gd24,function-integer,protected
fb9g5V,function-double,private
LEkNFcd9tDvD,function-double,private
r9B6Vo,integer,protected
E0pb3WBgXb2t,function-boolean,public
LV7ZRW56jK,function-double,public
6cj2tFH9A8U2,integer,private
NT7m358gY6g7,double,public
4CI4dV3535s,class,private
W9j3eA3O,class,public
Uv7bUh,boolean,protected
vM831rY,integer,private
F1Hl9Ym6u06,double,public
72gbdy7s,sub,private
AnV3K1zVt9,function-double,protected
bXpm14lv353H,double,protected
UcUHIQMYnK7,integer,friend
3EO3C84moua,double,protected
0NstS8inyu,function-double,friend
gn91lmb7qq,class,private
xCMiDImb0,function-double,friend
R1wjf96hRR,function-double,private
ta789MK0E86y,double,private
tVUIjprK,integer,protected
2T2tttR,class,protected
AlQU2Y6XKM64,function-integer,public
gXQ11K,integer,public
YWSB46o,class,public
5g7vUk70ssi,function-double,private
F5Os6h,boolean,protected
zZ4YVlb,function-boolean,public
W6i0Mw9U,sub,public
t77yUY,sub,private
Rb773fB0h6F,class,protected
63M38Pq7qB,sub,public
Hua9a0Qc7gu,function-boolean,friend
DY3GK2pHP9b,function-double,protected
4vWRaCW,double,protected
CK3T6Ww4,function-boolean,private
IB7k1Jb7mYMa,function-double,protected
l7yZZkk,double,friend
xfTxB39K8w7,sub,private
r8fkt6,class,private
6HAnzOF2R,integer,friend
nZPWs60Sw,function-double,public
xlPqH4bLv,double,friend
u4Z52F9C,boolean,private
6SIh1mUZd,function-double,protected
t0tNv5LW0C,integer,protected
M4CLZBjK2i,class,private
8xfr3jUqHw,function-boolean,protected
3683uF5bQ4C1,function-double,protected
P84Ab54,sub,friend
uqfKDPS,boolean,private
wOJ2D4LO5GTO,class,private
USswFL9wAOEP,double,protected
qT654SZ,function-boolean,private
rc9E0HYcVBfP,boolean,public
5k32u6,function-double,friend
7GZ0M9,function-integer,protected
1A40284iSBfR,function-boolean,private
2zbYI8kzKIC,sub,protected
BhBjU6x7u,double,public
q3gr38K94,sub,private
1q4087bW,integer,private
8yuWtvGm70,class,public
2ak1IIquOSWH,double,friend
j1Z93g139,function-double,public
4ulURYTjBm,double,friend
7XOu2wIiDdd,boolean,friend
mFfOi9C3,integer,protected
5nYsEq,class,protected
u0NHV5Xsg0p,class,private
xzN3a399p9s3,boolean,private
j5eoO1neI,integer,public
x4szgEf1oh4,double,private
53FMOTFw9730,function-double,protected
4HdemFxyv3,function-boolean,public
4hh6I4u,function-integer,protected
83hwTakBopp,class,friend
Ob5Mex,function-double,private
TxR1EPx1RQ,double,friend
9Ix20ZI,boolean,public
62SR50ez,function-boolean,friend
C49S3rt,class,protected
3O3t94Y3JfB5,function-integer,protected
04oSJY0h508,sub,protected
7PLb8yoiz,function-integer,protected
dTL49V5ksrK,sub,friend
P8Jhsr79xJ,class,friend
rIA8P8ZNx,sub,protected
YJox3Z5Xgj,function-double,private
9s2ZbzYOnS,sub,private
u6XJIo3YFL,function-integer,protected
f9KGY02,function-double,public
fqtU8Z1YO,function-boolean,friend
07twu1l,function-integer,protected
rJZAFM6y1,function-double,public
0stua8wg91,function-double,friend
06z9T9d7fC,double,friend
77264oj,function-integer,public
nA8Lz1Ci9,function-double,private
IYhd0AO5MjO,function-double,private
W05e8x,double,protected
Svx243zXNJG,sub,private
Kz4RQ4ZKfoD5,class,public
Fa04Dyu,sub,friend
1wbjfNXe4jT,function-double,protected
ar1U450Z93,double,protected
M5IYJfG64f6,integer,private
tooT3fU,function-boolean,private
a2jpn03Eg4G,boolean,protected
KMZZh5,integer,public
GJ465e,boolean,protected
1DxWC4,function-integer,public
c7fL094o1A9B,double,protected
T4JR3K6,function-double,private
L4e7Gn03,sub,private
44hTfu7YDYTU,function-boolean,protected
WdhnP4w,sub,private
4RWL3lz64z,function-double,protected
6DTj9YACom,boolean,protected
aB3725I,integer,public
4po035,integer,public
9Jy3qXO4J71W,integer,private
013gg7YrqVYR,integer,friend
0Otew6b9fD8,double,private
n87AJ63ZKB9d,function-boolean,protected
kW12QKfF,integer,private
fC14AwVN,class,private
ls3LRDs81,boolean,protected
zVTPqq87,function-integer,protected
751t6Zkaz30,sub,friend
3L2AlEp,function-boolean,public
fPU7ni9Z8,function-double,protected
nDyufJTsH,double,protected
w2934CeU,function-double,private
moG8Q0hBFL5o,function-boolean,protected
9pFRiCox,integer,private
7k4412F50jVJ,function-double,public
mvnt4td01,integer,protected
yv0WL3fU,function-double,public
4qHtUfi9p,boolean,protected
04aH1z9xm,function-boolean,protected
ZmR7JXm12OQK,integer,public
50v2uN0d7,class,private
t9X7pl3,class,friend
hjDp2G5D,function-double,protected
0DMtmKY,function-boolean,protected
4F99uV,integer,protected
vBn0A5859Q8k,sub,friend
O30R6A,boolean,friend
1p6f1MZa,integer,public
aPKa8di4,sub,friend
6JbBDW0Se,function-boolean,friend
S59hG9,integer,private
19w8hqAONnv8,boolean,private
3GdkI9m35jj9,integer,friend
RWR1t0oSS,function-boolean,protected
jYtyFEM1S4,function-double,private
5u5080b2rQr,boolean,protected
7umbCf166,function-double,friend
fkNuJ58,class,private
ljx6K5xb,double,public
P0ep20HKk,function-boolean,public
ELodv96cqwWV,function-integer,public
BICCddea,function-integer,protected
dBI8WaC3,function-double,public
Y9L0550Q,function-integer,private
v0uj0c7Yx,function-double,friend
1Y9QLLBLx7G8,double,protected
e3H7Vz47i,function-integer,private
6mRXvR85z5im,function-double,friend
C0VsbJBCs1L,function-boolean,protected
B7idGq02Y,boolean,public
6icDB1,function-double,protected
Pt1TLxQNB169,double,protected
r1Ws6Qc,function-integer,protected
fJ87aQE,boolean,protected
3Oq6018c,function-boolean,protected
c4Md5EKb,boolean,public
8gROv73m1J,double,friend
M7Sq0E3,function-integer,private
WvP657xS7i14,sub,public
jj968xY6,class,protected
buz59m376WwW,function-boolean,protected
Bs7i9DpMO,double,protected
uKZfr6Do270E,function-double,private
8Ys86LpB,function-boolean,friend
REdV86cn,class,private
vpxD4V,function-boolean,friend
RuuAmpC16z5a,double,protected
45l73w,double,friend
WqVsHQ,sub,protected
1jJTowPkIL,sub,protected
9Oc6O70z9Aw7,sub,friend
3i0zFYHZgOUp,function-integer,friend
b7d0C503Ne,integer,public
M3GsMKtFc,sub,protected
2CUaSqyp7,function-integer,protected
M6M681ZGQ2Ae,function-boolean,public
9gLS3014F2b1,double,friend
qAn7AW7W38q,integer,protected
6J9959rINZ,function-integer,friend
e9Z3jnFUvu1s,function-boolean,friend
V1B1463DZ,integer,private
Mbn8vQghWO6Q,boolean,protected
b0SkylkL17,function-integer,private
ITC7wtLey4O,function-double,friend
2FFBwu6,function-integer,protected
0LsZau23v0js,function-double,public
JF2289o,function-integer,private
61HwyZd81,sub,friend
ZApXNnJ,function-boolean,protected
7487x4,double,public
fhuqk0KhP,function-boolean,friend
0nNvrmub8yI,double,private
rl0T97EA8M6,integer,protected
719u616,function-integer,private
50olFTP,boolean,protected
5kFG0N,integer,protected
cAiHs9UK6,function-double,friend
b9TWzfs,double,private
cKK1bc,class,protected
UyJ2dd1SUA,class,private
sw1cO0,function-double,friend
44a0CE7232j,function-integer,public
n6wXXRa558t,function-double,protected
RVrUA830,integer,friend
4pmnC7,class,friend
sG5spTVaNG,function-integer,protected
WgdI2Nr894,function-integer,friend
s16jE9ce,boolean,public
Z1uC4611M,function-boolean,friend
ccmJ860V2AC2,function-double,public
YsE510wU3l,class,private
o252135d9,function-integer,protected
Gq5fkO0A,function-double,friend
8465CYQc,sub,protected
j0CIaO,integer,private
mGW87W0ja03,integer,protected
4241ema6Qu,class,protected
UKTYuR951sW,sub,private
I9FhIjl0,boolean,protected
5mbr6Pb14,double,friend
J6C7JQCF0dL6,boolean,protected
Rk31MT,double,public
993lK7,function-boolean,public
GW7WQ5JF4,sub,protected
l60L125fpUu,double,private
6ApmH99BtW,function-double,friend
m0q882x,function-boolean,public
gAM56w7,class,private
b7eXnJi0,sub,private
0BYEB3Z,class,private
0WfxK7K,boolean,public
v6UZX15EY2b,function-integer,public
NfLHxCWy,function-double,friend
A71zWp6z19o4,class,friend
65Cub6e,boolean,friend
yHzXI3,sub,public
3D02725JQc,sub,friend
67DPtc535644,function-integer,protected
39HDbtAHV2H,function-integer,protected
ZGKXuHBvF,function-integer,private
5Bq6MxdTzF,function-boolean,public
419WV42mv,function-boolean,public
30ZZxq8766,function-integer,private
37s27ch3P7,function-integer,public
j11U860wg,function-integer,private
I70j3Fwp,integer,public
jzGZ4j87,sub,public
75j0C1gXG,function-double,friend
iMECRan7SG,function-double,protected
668B3a,sub,private
rBDFc9,function-double,public
W4Fzdv6012i,function-integer,private
54U9So6,function-integer,private
GE7ic52,class,public
oZ6MuNK05J3b,function-double,public
1k45WZaCj30x,sub,protected
AHz602Cw7,function-integer,private
oKSU68,double,private
E7cxC7Z5DD1,double,private
s8KGUjb,function-boolean,public
lDk36UG,sub,private
yTCV944a48,function-double,private
md2W8v7lW90,class,private
qM4TfRDe9v,function-integer,friend
RVckjqyT5u9f,boolean,private
731d978H2,integer,friend
Xc8gKg58,double,private
cL2G2q674,boolean,public
9A45iGQPk2g2,sub,friend
oIII1VN7,function-integer,public
B7UL984,function-double,private
Ocnw15R0,boolean,protected
Ogk2eBp,integer,public
0iiiGVA6,function-double,friend
z9amciy10qA,function-integer,public
ur17bu7ak40O,integer,public
anSM9S31ZDV,boolean,private
XCRivtZIFoEL,function-integer,protected
I7lYLd61,function-double,friend
mxYA0D,sub,public
U4N323v,function-double,protected
tubT9CdM,integer,protected
51Lq30f,function-integer,protected
5zMY46WJN2,function-boolean,private
6MV720,function-boolean,private
t3X8rj9or60,function-integer,public
ZPLlq10ykHG,boolean,public
3BJ3SO143u63,integer,protected
aA545M,function-integer,public
0pDooKE3vyV,function-double,friend
l3q0k36,function-double,protected
1isjVUmb,function-boolean,protected
W0a0YZxFTBy,function-boolean,protected
e83A9pYcZe,integer,friend
67r3Wkf6qQ,class,friend
4b36KQ,boolean,public
RrL2J7nS5Bk,double,protected
1IK4fAOrAx0J,boolean,protected
wM5hw7U,class,protected
RlV6B7jH,integer,friend
5qZI4c9,function-double,public
1LEdjJU,boolean,public
I3qWYa,double,private
h72W8pW5p,double,private
w2JqpM,function-integer,friend
cB9vE3,function-double,protected
49v52VqYV0gW,boolean,friend
5XOzn6rxEQ3,integer,public
0nCsMg,function-boolean,friend
zlzTyNiD6g,function-boolean,private
9iZ3ha6,boolean,private
3j553f7,double,private
MOKcHvL9VE9M,integer,protected
OFsW16nS8o,function-integer,protected
Os41tM6AoB0e,double,friend
U1zwj945h95M,sub,private
zBc00OJZiHy,double,public
1Sw1E6K66rn,function-double,private
Wsv2IOVL,function-double,protected
QYeDt5N9H,class,friend
Xvp53F,double,friend
K5Tee86Gy0B0,boolean,public
C4l26rQo4uR,function-integer,friend
os86138a,integer,public
AXFMZwkG063,sub,friend
8Q1X777,double,protected
qxx738Ysp,integer,protected
cimw9AK19,function-boolean,private
gPy7J6G4gd,integer,friend
1fbM1wZWl6,boolean,protected
uufl3qGvEWQ,integer,private
uI74U111,class,private
68zqyuZG9E,sub,friend
h5hMg1XL,class,protected
658lMF6dgZ,double,public
Emnt8V,sub,public
Z6lOy46U19vW,integer,protected
fT40TpX,sub,private
e7wHNPy41,function-boolean,friend
5CY8osrzez,function-double,protected
A2NWf2nD,function-boolean,private
ni84GQwGyuBm,boolean,public
V4k5410ng4F,sub,friend
IRD9Z3l4JZ,function-integer,protected
g2Iy7K3,boolean,public
9064At2,function-boolean,friend
Wq1738c89,function-double,friend
Y9w8b3aI10,boolean,public
AmarOmh38Z6,integer,public
15PBshR95EoS,sub,friend
MTk32v5,function-double,friend
XU56k1,sub,friend
tu259bi58z,double,private
8E3lTfW,sub,protected
bMmo14297C,function-integer,friend
1Dwc8Yw5K0YH,function-double,protected
3f0aE1W057,double,private
zC76J11oXQZ2,boolean,public
NwMoMqVi,boolean,protected
29n1NMg545d,function-double,public
ci11RBbUO,sub,private
MB6GE2LKO1,sub,protected
072MUU23B9,integer,public
Q66X3j09,boolean,protected
561hk2Crz73,function-integer,protected
o99X7T4tiRz,boolean,private
az37r5Bwoo9X,boolean,public
f35Rsl3qx92,double,friend
5P41NCGB,function-double,protected
R8fXB37082,function-boolean,friend
7dtb0qG350wr,double,public
31Ok0A,integer,public
64DSH4L333,function-double,protected
51V7KFr8ijeY,double,protected
va6Az8HoaB,sub,friend
4P7F3o6T,class,private
23X8428,class,private
dsi9FL4aoJ4,integer,friend
9OgPdKZOky5,function-boolean,protected
6eGd7E3,function-double,public
gqYW09LB5IDE,function-boolean,protected
T5ZyPO,integer,public
p9mu05qN,function-double,protected
3Mx6RO1h09,integer,private
2OsfPyEmPx,sub,public
45b7OYv,function-boolean,protected
2gaKt4D8,double,friend
O9fEG42V,function-double,protected
T57eYuTa338,sub,protected
371DP57O41t,integer,friend
YCO0b3c,function-double,public
M9X4Z98F,double,protected
hUuNSOC2gzaM,function-boolean,public
7QeM9W,double,public
q15uInK,boolean,protected
n61Fuye,class,private
bx1PHp7,sub,friend
2J33jRO,function-boolean,private
WsXQ96Hs,integer,protected
p6ED2jGu9,function-boolean,private
8J66f5PgO6Gq,function-integer,private
cR218bS3,sub,friend
9eMHogeAnu1,function-boolean,friend
88B1pumJ,function-integer,protected
gM0HVeB6qQ,function-boolean,friend
NQu7331H6,function-double,friend
138m45gJOu2,function-integer,private
Krd7p76w28m,double,friend
O6D2xa6,double,public
x866zgXc15r8,function-double,private
qvr1yD9ec2lG,function-double,public
wjFOB93,function-integer,protected
45E8MrsG,sub,public
C6h6zAi,function-boolean,public
ZnU46A9op3,class,private
HUX6WPo,integer,protected
g706YhmX,integer,private
78P7Cb,integer,private
uFri5AH9zs,boolean,friend
29YUG7MX075Z,function-integer,private
DbtJVjQuz,sub,friend
441N57Z0,function-double,private
53i5033,function-double,public
55Ri9QI4ZoBb,sub,private
wr6CwA,integer,friend
VS5DE0757,class,protected
Q3B19r1ZA,function-boolean,protected
Z9SXKy,function-boolean,friend
2fJGzoPFu8,sub,private
929v9GHD7,double,public
zSY77LA,function-double,public
QPc9Uv7L28i,function-boolean,public
GPHzH815,function-integer,friend
30mOR7844qdI,function-boolean,friend
OM97nK2PLL2B,double,public
KB8536Q,function-double,friend
8unqZSO2FuyK,function-integer,protected
Tl0io0O,boolean,public
rFMcP1D7t,class,friend
FQV20G6z1iZM,class,private
4DTy2Di5,function-double,protected
m23218l1Y,function-integer,protected
n3dS70,function-integer,private
g4z349,class,friend
2E1cN9,function-integer,friend
AuQig9kuaap,integer,public
0w46b8,boolean,friend
64Llec8jDrk,double,public
P288SwSS7,double,private
24eJdCVj6o,sub,friend
2dcJ0JY40,integer,public
39zQq16,function-double,protected
HChhl7Y,function-double,private
B4XxxRhhf92,sub,public
2h12EgELDX0,boolean,protected
l23Cg5B2H6,function-boolean,private
1or4x2VjPdp,function-integer,protected
7qxs9Ba3hG2,function-double,friend
4LZZkIXB4XO,sub,friend
zzM4Fdi,boolean,protected
df5aiLRDhX,function-boolean,public
x44t75,class,public
f561uDwF,double,protected
26s0HtbCOUTe,double,public
jw88OKCB72,boolean,friend
yoR4d2Dea,double,private
97vVYd,integer,friend
jZKCB9v72eVT,sub,protected
Cg9biW0X,sub,private
tv910f8SZ,class,public
89w39iAF77g,sub,private
06ffQts7Q,function-integer,protected
iJm2FT739,function-boolean,protected
3g8BtbqCK,double,private
8UINV6,boolean,public
s9f9FkS25,function-integer,protected
qfemBaL,class,friend
8HY93jhlE,function-integer,protected
bx1vQd,integer,private
b8qJ75DVWu1,function-boolean,public
lAK9Z1c44n,integer,friend
yUosMPB,function-integer,private
FQD64q7Yw1,class,friend
v8T2XAaOLy,function-double,private
kj8bvxJ7,function-boolean,friend
0tycXWS,function-integer,public
7k6cCnjla3W,boolean,public
Dc2UBwZQ,function-boolean,protected
M719cuuH,boolean,friend
l08mbg33,integer,protected
0w923tK,function-boolean,protected
zmVeIjk6DeU,sub,protected
FDFBUuIYl3,integer,protected
2Jw1iIQ4dN5I,class,public
yyZymLE7HKk,function-boolean,friend
Ki7j9CsKkA,class,protected
yUrU9F8Hy3,function-integer,friend
fu7747GxK3q,sub,private
Ex5ZsQ,sub,public
PX8c3gIb9676,function-double,friend
0QEraUZTCf4Q,integer,protected
PDHadf,function-boolean,public
3DO84Og,double,private
rl9ycTD,function-boolean,friend
4qU0BB0G,sub,protected
7zio6Yz8tJ5n,double,public
hFtU5wt5h57,class,protected
HtkMdzs33b,boolean,protected
DNikqtg6AkA,function-boolean,friend
xx1jUDEfd,class,private
xP9Q5ibe9bQ,double,private
qh6OM47qazGo,function-integer,public
9maICKF,integer,private
22bB9K6,integer,friend
2UfhkXn,function-integer,private
cVY9UT,function-double,public
n9aFG0JW,integer,private
G12sgRbxk5,sub,public
DN0nkHKY0,function-integer,private
mPFjaz,sub,friend
wKB1hrMcp,boolean,protected
o61EA0W3jreL,boolean,public
4d7PAY,function-double,private
7UeQ4HU,integer,private
AtEn3Fkl,boolean,private
64CYnre,function-integer,private
P1d8ATLFQ5,integer,public
n6heX61y,double,public
HpJOa2,function-boolean,private
f0zJ4Msy75,boolean,private
slmq4i5I5z,integer,protected
qMp9X5,class,private
dT0XjvME4u9n,integer,private
56P83ZTQ1,function-boolean,friend
J36853n3,sub,protected
WEH4V8tm,function-integer,public
zzC0zeiUG2e2,class,protected
L47Z5V5zMOI6,sub,public
65X710k,double,protected
bnYObyJ2,boolean,private
y827sBH,double,public
1Kldj9FL,boolean,protected
28l0tXicbkf,double,protected
5KyCuL,function-integer,friend
HT39lVm,boolean,protected
j1j4CJd1Rm0G,boolean,protected
xdta86ZbUr,integer,protected
10tBZR,class,private
gmU9bKZWET0,function-integer,public
IaeuZ33fM,boolean,public
4i27kWs,double,public
2073th,double,public
y7tnWZCQ,double,protected
ne5dUA8fp7JK,function-double,friend
UTSf189,function-integer,public
48yP9VRX,function-boolean,protected
7cyJX8s1IiOP,double,private
RhIlgAve00cV,function-integer,public
8mZnqq,class,private
G6nT740pszJI,boolean,private
298Mkr4,function-double,friend
fZV0YBjwl3j,sub,protected
ansr8Lzn,double,private
0CMU78UF,class,public
091fU3CZr,function-double,public
PD440iJ3tEVT,integer,private
72b28a,boolean,private
0qc20555,boolean,friend
331ZnX4I,integer,public
4M54Uq0Hv,integer,friend
FqX94h4,class,public
DA9Yg8,function-integer,protected
ElW37bh29C,function-double,public
zER7mCOo7t,double,private
HJ47cKIy0jv,function-boolean,private
9P9B3sL8PCz,double,protected
nALpoxs,class,public
KQGW1E,double,friend
XzQCg2DmK4,sub,friend
8nWPp0ga,class,protected
dyMM05J38,function-integer,public
mFr8Tn1,function-integer,protected
oc7O4DlLU,sub,private
P0ySU3C,boolean,public
mDvjdKcep4,sub,friend
X93S4Jt2g,boolean,private
fmTb28yN3il,function-double,protected
j9e0fqN2E6p,function-boolean,public
84Ka3736349,sub,private
A7o6PnakCD,double,public
7MV2uPtISh5v,function-integer,protected
IYI3Gd9h1,integer,friend
Qma1gBdXkU,boolean,private
2MJ39u,class,public
6I9WqH42V,function-boolean,public
L5sCrps9471,function-boolean,public
Cu4nxVNpS1Dr,function-double,public
menEIXm9lo,function-integer,public
an14m7rKV5E,function-double,private
4Z6343oH,function-boolean,public
B3k1k2Zbm,double,friend
mfB236RE7JUO,boolean,public
gZgQ2iDB,boolean,protected
3Y36tu2,integer,friend
1XZAC296QX4z,function-double,friend
ltb0731We2,sub,friend
8Yg6mV,class,public
ua90ISzHah,class,protected
C5r2Pn,function-double,public
n97aOu1,sub,protected
8J0cqT4X1vl,boolean,friend
hq8fgcEE7n,double,public
L4n1dsVF,function-integer,friend
F74x2JJ5ckJ,double,private
4GuO62,function-boolean,public
2Oq15km1Q51F,function-double,public
9opbf312X,boolean,private
8hhqPCX4,sub,protected
476HPpx1,function-boolean,public
kTxSFNSw8v63,class,public
BySP4V53,function-boolean,private
iI8ZnW4AL,integer,public
9m6k8r7WpWWt,sub,protected
8wsm17hSoC,function-double,protected
iQk35wxg93qa,function-boolean,friend
7q4958y0,function-boolean,private
4124OUX,double,private
YFEj13TGvX2f,function-boolean,friend
9X92yV7,class,private
UOHdUAzfR,function-integer,private
k6ganKeK,sub,private
Ncm14O,function-boolean,protected
4jU13Ku6P,double,friend
9Dwh9l1T74z,function-integer,protected
UM71N922cSq,function-integer,private
eTReY18FH3oT,integer,private
z7R5ex,function-double,protected
iz96M4g,function-boolean,protected
JC1a0nHHaB,class,friend
N60POR,function-boolean,private
76Mt7T8W7,integer,friend
rFDxGQ305M,double,public
876rjonm5Nr,integer,public
TqA82dk4955d,sub,protected
MCCng9Ev,boolean,friend
oFj840PhQO,sub,private
h2te57,boolean,friend
bkKx5AcjF9v,integer,public
2oX8Ob8K69N,function-boolean,protected
nqC6IB3bv,sub,private
689EBh,function-boolean,protected
6C37Ap,function-double,protected
f9gkdo572F,class,public
6M4B1JjBn,sub,private
50pDUG2U61B,function-boolean,friend
3sMsx9,integer,protected
19Fs85,integer,private
auP7axmWHh,sub,public
ck2jSd9UQne,function-integer,protected
uGJasBT5l,function-integer,protected
K0Rv1fJF6,double,protected
759ofvcFq0L,function-boolean,friend
NBmsd5G,integer,private
j68YP24J,function-boolean,public
Q5C5EO,double,friend
S9m0kd,integer,protected
8bT4yUF5,sub,private
l3Iqz0ec,function-double,public
V55h7Z4,function-boolean,public
A0t1i43,function-double,public
zx8B7G,sub,private
0hIcAs16ek8,double,protected
16B0z9OC,function-double,public
OB46kK49,function-integer,friend
mDawsHod,integer,protected
1NyudQM6W,sub,protected
50Aj815ST,function-double,private
z3n27hQ,function-double,private
g5mbA56k,double,public
4O7Rg5e4,class,protected
Zwl2X59t,function-integer,public
Fw576wOU25a,double,protected
89cGq8P0afy,class,protected
3f4g82puVl,sub,friend
fV9JsL7bGk,boolean,private
16LCXczG,sub,protected
Pfw86QERZbP3,function-boolean,public
Hl1CCFzH9w,sub,protected
7Iem52JCmFY,function-boolean,protected
toUxU9,sub,protected
7FE4xVg,sub,private
8u5wB5OL7,function-integer,friend
5LJWn1FO86,double,protected
Nv3jhL15BE,sub,public
3XQ08E,double,friend
z23Qjsa,class,private
0XD3i4UU01,class,public
72PSsBOk2,double,private
nt1cy83,function-double,public
Am8B267V8Y,sub,friend
KoA3fU7PdR55,function-double,friend
eCQf27uajxc,function-integer,public
HANml8EfMm,boolean,protected
W2g9753,sub,protected
b34e41pO,function-integer,public
NPK7442091,class,friend
WxG1w49,sub,friend
f5yQC37Wq2,function-double,friend
Zw1Xm91Z,sub,friend
B5GuBW,function-boolean,public
6Q9hd9P9,boolean,friend
FwPOZjM2nD5y,double,public
Frs0XyQENAZ,boolean,friend
K4p4pTy9,sub,private
0ko22UJ8l,double,friend
f1Y7lI1spkQ9,function-boolean,private
pNFu715esBB,integer,friend
sGlu7p9,class,private
Kl1ub268gy1,function-boolean,public
2KrpY8IhEXe4,function-boolean,protected
Bb2Kx9rP,boolean,public
ljfwzN9W,boolean,protected
rMx1Pm,sub,friend
5G1YGS4hd,boolean,public
kj4Z4E,integer,friend
I6437UmybCl,function-double,public
w8TDkYu4,function-double,public
9f50UB0vrdLw,boolean,protected
FAYZN7Xd9Os,double,private
RQr525cUU,double,protected
h9XcX02B,integer,friend
830vKWD,class,private
DoM2U1M0,boolean,friend
VO3F2u,sub,protected
ri00ot4,function-integer,public
JGCU71,sub,friend
1QjCRg,double,private
8OyhtoU8Ai8,function-integer,protected
xyCesr,function-boolean,private
BqRKVF8,boolean,public
JGR5sV,function-double,private
Ta1PcoHT4B27,function-integer,friend
E2Dscum4kG,boolean,public
692aj2,class,private
GK2M8Hw,class,protected
cB457XkpL62,class,private
VHs8ll,integer,friend
615Z4zof,function-double,friend
jc3ZXz6b64,boolean,private
AxeF9Yi,function-integer,private
E50HmA,function-boolean,public
y788RZopg6,double,public
TYK0oqG,integer,friend
FTNH5e,function-boolean,friend
9PrO9y6j27h3,function-integer,public
rj46bGIP,function-double,protected
40Mx000ic,function-boolean,protected
6N84NiS7,class,friend
5uID2ii,function-double,public
5Giv43L,function-integer,protected
x21Q1M73,boolean,private
2348GjTN,boolean,friend
6Gkja6y54,function-integer,friend
8ViCD5,boolean,protected
07G3L49s,integer,public
Rs8Q4vH48hDL,function-double,private
9A5m966,function-double,protected
4k3ywMG364m,integer,public
jV6gs78,double,protected
hEiY1346,integer,protected
9NE537B0d,integer,public
McezgYi5,integer,protected
qItfKLSuf,integer,private
H2R1XU,function-double,protected
06434OiHM7GH,integer,private
9W98VzLVT,class,private
W2TDsVSNBh,integer,friend
Hq1KbmygHx5E,boolean,private
29JvPmxAK,function-integer,public
337Uy2C,boolean,private
M5D3g9o,function-boolean,protected
8yAKMDetoV6,integer,public
Mo8P0xYI,function-integer,private
06l7y9xQ7DQ9,integer,private
93cXPQh209aT,double,friend
sIESA8sB27,class,public
z12EY82Z,function-integer,public
O4AyI8Y,integer,public
8TbfYA7KQStb,integer,protected
L248s2FFt,sub,friend
M4zna4574,boolean,friend
rIXSI0XE,boolean,protected
64VTHYJ16,function-integer,protected
R2XzyEPwPc14,function-double,public
93i0MhNO,integer,private
5416brz,integer,friend
5eLq8Z,function-double,friend
9dErBz8u9,double,protected
ripSKEqj,sub,friend
K34Eume,boolean,private
9T1giEXAJ,double,protected
IZZFCj,function-boolean,friend
x9h2acL,class,private
86ZC1JiY,class,protected
N7c5Cn,function-integer,public
S9LROgjkTe,boolean,protected
DJsGsrBMm,boolean,protected
NHezFU9iCs,function-boolean,public
6q6H4Mo4Gm00,function-boolean,private
9PAWCg7Vq6F,function-double,protected
L1gqQD,double,private
30YT2F9267,integer,public
2AM64SiWf,function-double,public
9nSrPL4wktl,double,private
Cdi7pDd8,sub,protected
LD9hNsi,function-boolean,private
nYBVZCM,function-boolean,public
gJTkw63lU5Y0,class,protected
YdZY78,double,friend
8O2WeeZ4AI,class,public
1YNYgR,sub,private
z5RX1vE,class,friend
Se0wsPI6W,integer,private
9A6oNsl8,class,friend
wv345hS2q141,function-integer,protected
Hsctimp271,function-double,friend
Od9Bx11,double,friend
HRND9vcJ,function-integer,private
Z7Y7Cc12q,function-double,protected
it3AZ977kRza,function-integer,protected
06o264o13L,function-integer,protected
NeugTR28g,function-boolean,public
QoN23Vh5N,function-boolean,protected
bJn9xTAG,function-boolean,private
z1C1EV97Q2,sub,protected
z17vrkD,function-boolean,protected
7352pf765W,sub,friend
07AV1O,boolean,public
7EMCl410cH6V,function-boolean,public
ziRjPsHK,function-boolean,public
h12WjoK,double,friend
5h8ae3MScPV6,boolean,public
bVZYhvM6V80,function-integer,friend
7r2X5Ga8A,boolean,friend
095tpgVjpg,class,public
9OAwSHC016,function-boolean,friend
084d9H49Y3Z,sub,private
v9wA9J8g6,function-boolean,protected
g18h828D,boolean,private
Hv35yX21Y1WW,function-double,friend
2dotFm,boolean,private
o6uWEwqQjNKB,function-double,friend
3uIBg1gLcw6,sub,public
6s6U72,boolean,public
81bA3zk,boolean,public
PZi3s4q,boolean,protected
mk59j6z,function-boolean,friend
5we4O7D3h,boolean,friend
55YC2iH9,double,friend
3ymw9R30wxX,class,public
7KX0r3YHFk,function-boolean,public
XfEzlUf7n89e,class,public
No5UK8jYQ,double,private
GPx5Mi99,integer,private
Y99qB9VU,boolean,friend
B6bTFeT6,boolean,protected
xsyoNHY6,function-integer,private
3993002ZZ9,class,private
LxQF01zeN2nX,function-integer,friend
m08jyq8Ii,class,protected
010K9wxTN6,boolean,public
66YXso8,function-boolean,private
2d1Kb1JtpJl,function-boolean,public
nq24Su8feg,double,public
6Or38YzB,function-double,public
OLmNZi,sub,friend
8sIZ636OQ68B,class,protected
405eW54,integer,private
IcLGrZn9,function-integer,public
4d14sL74wpL6,boolean,protected
QgL093krKL,integer,friend
mK3bF48Gm04,function-integer,private
0BeeKNf,function-boolean,public
W6qspn0,class,public
F5rTn4SlKi,function-integer,protected
mc74fJtkFL6K,double,friend
9W4sd632,function-integer,protected
7CxV4pAjr,function-integer,protected
q9vy22ox,integer,friend
rpckA66hL,integer,private
6QWR9u9,class,friend
teytH2baKzfx,integer,protected
2l4h6XNJ,integer,public
eRJf7Z17,sub,public
5wGZ9U0,function-integer,public
3kZ82G,function-double,protected
M285SP35i,integer,friend
Lj0rNyChE2,sub,protected
qfc61mZUgyth,function-integer,friend
373c8sik,integer,private
N0jjbA,integer,public
0zQ2Q8hC25,double,protected
Oafh3yd,boolean,private
Urx3G9SVJN2,double,public
0mzk74b8,double,friend
Rk5fX70,sub,protected
4LIv59,class,public
xu0L13T,sub,private
1v73acBbA,function-boolean,protected
96U06A824,sub,protected
0G023hx,function-double,protected
J82H8y5E7x87,double,protected
Y080boYL2bpX,boolean,friend
2m0yV5,function-integer,private
2F4Od9D,boolean,friend
5ro9DfD,double,friend
d5VktEvP,integer,private
J4kwdx,function-boolean,protected
h14XIha,integer,public
E1kVbJu6K,function-double,friend
Lfhv04L,class,protected
ziZqO3j535,boolean,protected
A43hK2,integer,private
F1YKRTqk9,double,friend
G257RH1,integer,public
g3ja4zR7HY6,double,private
2cd9NED864,function-boolean,private
Bzn8FCm5uG,integer,private
E9avHX6q6J,class,private
3BvRuujCd1,class,friend
KzOvl7,integer,private
7YefACz1,function-double,friend
F6c7Z18bE7Mi,function-double,friend
z2A721x1S,double,protected
NW00T2U10HhL,integer,friend
7PRSurh6Mk1h,sub,private
LySeW8nRSd,integer,friend
4PkwU6mxB,sub,private
5nGmWy003,double,public
AZn2IW0M4r5T,function-boolean,public
UZp44YXHf4dy,class,friend
8b86gliCp31r,integer,protected
qFUP9s6zBk03,boolean,friend
tU5xctRK8jHP,class,protected
mz46Ps,function-integer,public
qH70eop,class,friend
w582E08rD1z,function-double,protected
bWlIT3,boolean,friend
T1Hr6t6m2,function-double,protected
48Q8zEk,sub,public
Et42iu9,function-boolean,protected
XfVnipTO0Nt9,integer,friend
0tUKph5ITNQj,integer,protected
u72cR934,class,protected
VkIfY5,double,friend
v6R4NoqQ21A,class,friend
6tu7shNR,boolean,public
oy0pD9Xmtq1r,function-boolean,private
BsOJ9YlPV,function-integer,private
esN9r0AO6,double,protected
G6VgFnj2g7,function-integer,public
946d206D,boolean,protected
Bp1KYQVC,function-boolean,public
Ff2q2A1470F,function-double,protected
hoC0QkDzT6O,boolean,public
HoQKFey0sX6c,boolean,protected
eM5X5OrBW,function-double,private
XeDXrE17,sub,public
4YgyS6q3f,double,protected
DqTSjJLH,class,private
30IEwGlCm,function-boolean,private
3Hpd72qzhP,function-double,public
98KBWAr,integer,protected
i649opJwbc,boolean,protected
9M20EtRN5,function-double,protected
ggebYmp,function-integer,protected
Ag6m001SeN,function-double,private
5ZWIE0UuU4,function-double,private
6G6YTe,integer,protected
DT0zfUI2U4,function-boolean,public
XDFtEf6H8,function-double,public
h6NY9NZ6T70,integer,private
jfAPrWHEAL6r,double,public
Wq4DDED,class,private
q4i85c7W,class,public
xz5oNBWaU8R,boolean,protected
1soL8qaF,integer,private
8Rr489VI71n,double,public
eOi0a7H,sub,private
Y3V60uSVv,function-double,protected
uMjR90x,double,protected
0d1IA0fqOZ,integer,friend
q3WTmQq578N,double,protected
mpJo3R16ovAA,function-double,friend
AeO1ng5EGT,class,private
E73nY9,function-double,friend
WT94ibm8,function-double,private
FhQ43E4idy,double,private
Jrv5A6t,integer,protected
Yz54O48GNaB,class,protected
e32f208e4gO,function-integer,public
YTe7rXZhwa06,integer,public
7K7B4JY9,class,public
ByhklU7,function-double,private
7h3Pil21U,boolean,protected
44h6ihl2v,function-boolean,public
gf9A7hM308Qc,sub,public
E8L8V41v,sub,private
6WQkDG,class,protected
jt3g5bwH,sub,public
35fwwXpH5,function-boolean,friend
76GrO2,function-double,protected
qpT7sqFjPd,double,protected
pp4G4Q,function-boolean,private
Q3gsV93Gpxzm,function-double,protected
T1cfvg881,double,friend
CTpS27S6,sub,private
JqfoQUS,class,private
H8i31y8OA9m,integer,friend
lnr4lPvf,function-double,public
sh1P7s2h6U0C,double,friend
ldxYzk,boolean,private
O4M2PpU6E,function-double,protected
76G6D52fw8Ry,integer,protected
qI839g94,class,private
bdRcSeC,function-boolean,protected
0j4016A,function-double,protected
6a892U9WaP7,sub,friend
108gaCK3PjgJ,boolean,private
SeQtUYTi,class,private
kY144L6,double,protected
9Qc560FzU,function-boolean,private
5a5nr5,boolean,public
8l0Kyli,function-double,friend
wc3GH559d6k,function-integer,protected
XKm02b432yT,function-boolean,private
MElOlT,sub,protected
j2otvipJ16t0,double,public
Tbm27Z6ljD,sub,private
540Q6U,integer,private
qtYEZuagUSx,class,public
Bt753SAy,double,friend
57Hw7e6UR,function-double,public
3eQ326l2,double,friend
UYgvsN,boolean,friend
Qv1ZQp2kS,integer,protected
DCvO4I,class,protected
1r7RtTKX,class,private
pC244B3Mk4,boolean,private
eioIgc,integer,public
F7zbt8sf6,double,private
EP9CtQNTu3,function-double,protected
91Y8163moV,function-boolean,public
E9ON89S75,function-integer,protected
e6c26003K,class,friend
t3n845,function-double,private
l6iK1Y4nu,double,friend
kdirGmxTgh,boolean,public
8uxV3j372,function-boolean,friend
2Hs23fEtV,class,protected
eil02y2FSM,function-integer,protected
4Q5nGZh,sub,protected
4h166T,function-integer,protected
LK6rGleZ,sub,friend
y89v23bEV,class,friend
U99x1mTA85J,sub,protected
E45X5DWEiNJ,function-double,private
jU5YCG7,sub,private
zMqw9QHlN0,function-integer,protected
3eVKtpvz,function-double,public
qLxx0p1l9,function-boolean,friend
60eK92j79,function-integer,protected
x8OSUCi7S,function-double,public
4nJ2Ls4HL,function-double,friend
AZ6Id4n1c3ZL,double,friend
YwhWvA1r,function-integer,public
8dHj9liwpY,function-double,private
4CA9aWEl2,function-double,private
M1968R,double,protected
oNopgw8w,sub,private
3Eqjm0bCUm20,class,public
Q7I66g,sub,friend
L4e5wT1PTHq,function-double,protected
U99zopn9bEI,double,protected
JS2458I3JC7,integer,private
e2LLV9,function-boolean,private
tBn55da,boolean,protected
K791e6q,integer,public
7c5Tx4o0JH,boolean,protected
o4156c9,function-integer,public
g1W6r8,double,protected
9Btxnb27mAB,function-double,private
GK6ejZjc,sub,private
ac82m1IDg,function-boolean,protected
fqMwYB,sub,private
HQB8SY,function-double,protected
418byJ,boolean,protected
u9TS6w32Is,integer,public
em16QhkIJ,integer,public
cvH8oFNK8W,integer,private
sE57R79D1Dmo,integer,friend
4zsC03C18CCL,double,private
0Qd4FEn,function-boolean,protected
Fh5zhFiCL,integer,private
xo6lM3a3ulym,class,private
r3GZ1Qx7k,boolean,protected
Np09OQot,function-integer,protected
yjJC8k,sub,friend
Gvnm6Rs,function-boolean,public
6kRUU7,function-double,protected
1NG5cCMd8P,double,protected
rb0nxLv,function-double,private
ZFSCgS7S8Hl,function-boolean,protected
BUGTCe2,integer,private
h90rylJ9sM31,function-double,public
M14rAoZ,integer,protected
q0J7cuu4Lah,function-double,public
mA8Y6ZUY,boolean,protected
74d88tO,function-boolean,protected
dR5Fzu6,integer,public
u78G8A4M4p,class,private
4tNX4j9huG,class,friend
V3UEkZsK604,function-double,protected
Kj6w91,function-boolean,protected
E5GSpN45INw,integer,protected
5XfuT4ocZF,sub,friend
ZU7d92SmLH,boolean,friend
44b9YcV,integer,public
6022Z1Eng,sub,friend
B6d7dvSnml29,function-boolean,friend
24gSqss,integer,private
qCR6QhS70MqJ,boolean,private
jWuYE7,integer,friend
4CHc5O,function-boolean,protected
mN86s3g,function-double,private
5G0obC77ymRL,boolean,protected
OPzzh4Giqdu,function-double,friend
J7YrsBYbK,class,private
rGoW99,double,public
ck0RrW4A3Ra,function-boolean,public
g6nuslg8WuF,function-integer,public
wG4KNu5B,function-integer,protected
jXiCDI0,function-double,public
i6p3yu5qp,function-integer,private
iQ6AiTnT3Rr8,function-double,friend
6i23dXN7,double,protected
4mV221kO94d,function-integer,private
R39bK3t,function-double,friend
X9J021,function-boolean,protected
2l18w2E99,boolean,public
9GOLAE4691j5,function-double,protected
akgsQg6UIT,double,protected
g2egnXjmH7wH,function-integer,protected
1DZDqRZxg2J,boolean,protected
Mj5ixoC,function-boolean,protected
wZfUsRzWg,boolean,public
d7muw37HA58,double,friend
qf5Hqn8tER6,function-integer,private
YEi4RC2YNqL,sub,public
u3nE0762,class,protected
gwx8C8,function-boolean,protected
726Yb2d,double,protected
KmB8q0h,function-double,private
UwqJdSVKE,function-boolean,friend
fd77Z6luPct,class,private
Hir3c43,function-boolean,friend
u6TkzY6zFE,double,protected
sFSI93X8Gb,double,friend
DglvgEuq9K,sub,protected
F4G96e,sub,protected
ESZHaR5t2bUO,sub,friend
55I0mGeXBR,function-integer,friend
z3G1V89T3Vh,integer,public
74e9tZq1p,sub,protected
0fb4I962gR8,function-integer,protected
MhF53a3,function-boolean,public
00z0f58yDQfr,double,friend
q8mOJ1srj8v,integer,protected
r27EgmtxM2s0,function-integer,friend
5clmN5Ud5OR9,function-boolean,friend
v8REf55Y167,integer,private
6E97u4Tdh12,boolean,protected
w32B5Bm3uGyG,function-integer,private
Iaq1PqdL,function-double,friend
T6tgi9hWvq2,function-integer,protected
6B0n90,function-double,public
DqiklzJw,function-integer,private
6t8C0DwKie,sub,friend
9sL7bS,function-boolean,protected
y65iwq4T3d,double,public
7Pq5U637,function-boolean,friend
2f9g1AdagV,double,private
zI36pT2K770j,integer,protected
3uL0lQ,function-integer,private
RD46D7gZgAEU,boolean,protected
332HN1n0aXk,integer,protected
f64miI,function-double,friend
358S3ZW,double,private
K0ZBZv,class,protected
u9qAHCT,class,private
fnn00C3sV,function-double,friend
Q0AH3Ocp,function-integer,public
P23965WD85,function-double,protected
cQjZ44Kt4,integer,friend
M6h87CdJ6,class,friend
G5H21b0k307,function-integer,protected
4xN4uiNC32j,function-integer,friend
R44Ffhp35Sr,boolean,public
2gXJcg,function-boolean,friend
ka1VLQ5952p,function-double,public
F5ko8lkNZg7M,class,private
HHeXAuPf82,function-integer,protected
AGqY0FOsM3ro,function-double,friend
Pax27I9Ryy,sub,protected
1od789,integer,private
O2Dn0Vm2GH,integer,protected
5Vl7278,class,protected
6jRFZf,sub,private
QAP20i1Q,boolean,protected
72ancp,double,friend
x47e7202Bs,boolean,protected
MoSf1yK2zs,double,public
O43RR876Zx,function-boolean,public
0ru70sucE2a7,sub,protected
2vrWBMKQtG,double,private
y9t0ztn1Ux51,function-double,friend
9Q181h0C,function-boolean,public
U0vAnStj,class,private
baKOaMbIix1,sub,private
FLLU4eC,class,private
DE6MY1BR6mY,boolean,public
6VMX2IKQW,function-integer,public
RuH7rJ,function-double,friend
iCgsUTeZ,class,friend
WCN7x3KYkx,boolean,friend
08tfrQ8aB25P,sub,public
2R25QpsO,sub,friend
yRi6PB0,function-integer,protected
5D7zZo,function-integer,protected
t6Et9T8,function-integer,private
9pfnEQR,function-boolean,public
VXC922uT,function-boolean,public
vme566nc91Un,function-integer,private
14u3yGcxU9f,function-integer,public
V8RhHU7048V9,function-integer,private
8w8B44Ka5yH,integer,public
t0n0e5014,sub,public
3R8MK2M,function-double,friend
sM5SYO,function-double,protected
